mode,seed,num_clients,alpha,min_samples_per_client,max_abs_angle,dataset_size,min_client_size,max_client_size,quantity_cv,mean_label_tvd,rotation_std_degrees
iid,42,5,,1,0.0,60000,12000,12000,0.0,0.008903333333333336,0.0
label_skew,42,5,0.5,1,0.0,60000,12000,12000,0.0,0.3189333333333334,0.0
label_skew,42,5,0.1,1,0.0,60000,12000,12000,0.0,0.4494066666666667,0.0
quantity_skew,42,5,0.5,100,0.0,60000,296,26738,0.8528484022510814,0.03175963443171308,0.0
quantity_skew,42,5,0.1,100,0.0,60000,100,36140,1.09778998193846,0.049099348529209774,0.0
rotation_shift,42,5,,1,10.0,60000,12000,12000,0.0,0.008903333333333336,7.0710678118654755
rotation_shift,42,5,,1,20.0,60000,12000,12000,0.0,0.008903333333333336,14.142135623730951
iid,43,5,,1,0.0,60000,12000,12000,0.0,0.010400000000000001,0.0
label_skew,43,5,0.5,1,0.0,60000,12000,12000,0.0,0.41593666666666673,0.0
label_skew,43,5,0.1,1,0.0,60000,12000,12000,0.0,0.5464499999999999,0.0
quantity_skew,43,5,0.5,100,0.0,60000,104,41740,1.2709630130556733,0.038878910196092145,0.0
quantity_skew,43,5,0.1,100,0.0,60000,100,44864,1.407983280953451,0.04362289213556518,0.0
rotation_shift,43,5,,1,10.0,60000,12000,12000,0.0,0.010400000000000001,7.0710678118654755
rotation_shift,43,5,,1,20.0,60000,12000,12000,0.0,0.010400000000000001,14.142135623730951
iid,44,5,,1,0.0,60000,12000,12000,0.0,0.010576666666666668,0.0
label_skew,44,5,0.5,1,0.0,60000,12000,12000,0.0,0.3844633333333334,0.0
label_skew,44,5,0.1,1,0.0,60000,12000,12000,0.0,0.5461566666666667,0.0
quantity_skew,44,5,0.5,100,0.0,60000,1313,33306,0.965165190236596,0.016023061043936797,0.0
quantity_skew,44,5,0.1,100,0.0,60000,100,58486,1.9371386372688972,0.0695069349959505,0.0
rotation_shift,44,5,,1,10.0,60000,12000,12000,0.0,0.010576666666666668,7.0710678118654755
rotation_shift,44,5,,1,20.0,60000,12000,12000,0.0,0.010576666666666668,14.142135623730951
