algorithm,alpha,dataset_size,global_test_accuracy,global_test_correct,global_test_total,local_test_mean_client_accuracy,local_test_std_client_accuracy,local_test_weighted_accuracy,local_test_worst_client_accuracy,max_abs_angle,max_client_size,mean_label_tvd,min_client_size,min_samples_per_client,mode,mu,num_clients,quantity_cv,rotation_std_degrees,runtime_seconds,seed
fedavg,,60000,0.9042,9042,10000,0.8911666666666667,0.005542763049438632,0.8911666666666667,0.885,0.0,12000,0.008903333333333336,12000,1,iid,0.0,5,0.0,0.0,137.45386069899996,42
fedprox,,60000,0.904,9040,10000,0.8908333333333334,0.005270462766947294,0.8908333333333334,0.885,0.0,12000,0.008903333333333336,12000,1,iid,0.01,5,0.0,0.0,138.102987256,42
scaffold,,60000,0.9044,9044,10000,0.8911666666666667,0.005542763049438632,0.8911666666666667,0.885,0.0,12000,0.008903333333333336,12000,1,iid,,5,0.0,0.0,139.11529626700008,42
fedavg,,60000,0.9042,9042,10000,0.9005000000000001,0.009553940431977659,0.9005,0.8816666666666667,0.0,12000,0.010400000000000001,12000,1,iid,0.0,5,0.0,0.0,140.08606743600012,43
fedprox,,60000,0.9042,9042,10000,0.9005000000000001,0.009495613022162726,0.9005,0.8816666666666667,0.0,12000,0.010400000000000001,12000,1,iid,0.01,5,0.0,0.0,137.7555555830004,43
scaffold,,60000,0.9044,9044,10000,0.9005000000000001,0.009553940431977659,0.9005,0.8816666666666667,0.0,12000,0.010400000000000001,12000,1,iid,,5,0.0,0.0,140.40647117699973,43
fedavg,,60000,0.9058,9058,10000,0.8938333333333333,0.007257180352359087,0.8938333333333334,0.8833333333333333,0.0,12000,0.010576666666666668,12000,1,iid,0.0,5,0.0,0.0,139.01705933300036,44
fedprox,,60000,0.9055,9055,10000,0.8938333333333333,0.007257180352359087,0.8938333333333334,0.8833333333333333,0.0,12000,0.010576666666666668,12000,1,iid,0.01,5,0.0,0.0,139.81181363099859,44
scaffold,,60000,0.9057,9057,10000,0.8938333333333333,0.007257180352359087,0.8938333333333334,0.8833333333333333,0.0,12000,0.010576666666666668,12000,1,iid,,5,0.0,0.0,138.62501532500028,44
fedavg,0.1,60000,0.8901,8901,10000,0.8868333333333334,0.020516930677965547,0.8868333333333334,0.865,0.0,12000,0.4494066666666667,12000,1,label_skew,0.0,5,0.0,0.0,137.27227102999996,42
fedprox,0.1,60000,0.8901,8901,10000,0.8866666666666667,0.020568314358633155,0.8866666666666667,0.865,0.0,12000,0.4494066666666667,12000,1,label_skew,0.01,5,0.0,0.0,136.4764493770001,42
scaffold,0.1,60000,0.9031,9031,10000,0.901,0.01674481677680852,0.901,0.8816666666666667,0.0,12000,0.4494066666666667,12000,1,label_skew,,5,0.0,0.0,138.13332969299995,42
fedavg,0.5,60000,0.898,8980,10000,0.8918333333333333,0.011072990161248734,0.8918333333333334,0.8808333333333334,0.0,12000,0.3189333333333334,12000,1,label_skew,0.0,5,0.0,0.0,137.71376931700001,42
fedprox,0.5,60000,0.898,8980,10000,0.8918333333333333,0.011333333333333346,0.8918333333333334,0.88,0.0,12000,0.3189333333333334,12000,1,label_skew,0.01,5,0.0,0.0,137.29794150299995,42
scaffold,0.5,60000,0.9022,9022,10000,0.8983333333333332,0.010206207261596555,0.8983333333333333,0.8816666666666667,0.0,12000,0.3189333333333334,12000,1,label_skew,,5,0.0,0.0,139.6008428470002,42
fedavg,0.1,60000,0.8488,8488,10000,0.8453333333333333,0.05607930891950159,0.8453333333333334,0.745,0.0,12000,0.5464499999999999,12000,1,label_skew,0.0,5,0.0,0.0,137.53290044000005,43
fedprox,0.1,60000,0.8483,8483,10000,0.8451666666666668,0.056377694564822764,0.8451666666666666,0.7441666666666666,0.0,12000,0.5464499999999999,12000,1,label_skew,0.01,5,0.0,0.0,138.375959342,43
scaffold,0.1,60000,0.9006,9006,10000,0.8983333333333334,0.01958599272723012,0.8983333333333333,0.8766666666666667,0.0,12000,0.5464499999999999,12000,1,label_skew,,5,0.0,0.0,140.67418231899956,43
fedavg,0.5,60000,0.8954,8954,10000,0.8941666666666667,0.01621898750093716,0.8941666666666667,0.8708333333333333,0.0,12000,0.41593666666666673,12000,1,label_skew,0.0,5,0.0,0.0,138.11828118599988,43
fedprox,0.5,60000,0.8954,8954,10000,0.8938333333333333,0.01603468462774093,0.8938333333333334,0.8708333333333333,0.0,12000,0.41593666666666673,12000,1,label_skew,0.01,5,0.0,0.0,137.7636322420003,43
scaffold,0.5,60000,0.9032,9032,10000,0.8995000000000001,0.017091258324392348,0.8995,0.8741666666666666,0.0,12000,0.41593666666666673,12000,1,label_skew,,5,0.0,0.0,138.96588815700034,43
fedavg,0.1,60000,0.8419,8419,10000,0.834,0.08415329926852408,0.834,0.6741666666666667,0.0,12000,0.5461566666666667,12000,1,label_skew,0.0,5,0.0,0.0,138.34343526799967,44
fedprox,0.1,60000,0.8414,8414,10000,0.8333333333333334,0.08423347183737458,0.8333333333333334,0.6733333333333333,0.0,12000,0.5461566666666667,12000,1,label_skew,0.01,5,0.0,0.0,136.93366168699868,44
scaffold,0.1,60000,0.9004,9004,10000,0.8888333333333334,0.020713656257540732,0.8888333333333334,0.8641666666666666,0.0,12000,0.5461566666666667,12000,1,label_skew,,5,0.0,0.0,140.06436735600073,44
fedavg,0.5,60000,0.8936,8936,10000,0.8923333333333334,0.026871091447046875,0.8923333333333333,0.8516666666666667,0.0,12000,0.3844633333333334,12000,1,label_skew,0.0,5,0.0,0.0,136.4189883279996,44
fedprox,0.5,60000,0.8936,8936,10000,0.8923333333333334,0.026871091447046875,0.8923333333333333,0.8516666666666667,0.0,12000,0.3844633333333334,12000,1,label_skew,0.01,5,0.0,0.0,136.93355831000008,44
scaffold,0.5,60000,0.9048,9048,10000,0.9013333333333333,0.01893409622876146,0.9013333333333333,0.8766666666666667,0.0,12000,0.3844633333333334,12000,1,label_skew,,5,0.0,0.0,138.2040047850005,44
fedavg,0.1,60000,0.922,9220,10000,0.9514326697035702,0.04056977769815944,0.9191936021326225,0.9051724137931034,0.0,36140,0.049099348529209774,100,100,quantity_skew,0.0,5,1.09778998193846,0.0,140.30102174500007,42
fedprox,0.1,60000,0.9217,9217,10000,0.950714678524155,0.04118682798063,0.9180273242252582,0.9036050156739812,0.0,36140,0.049099348529209774,100,100,quantity_skew,0.01,5,1.09778998193846,0.0,140.33213550900018,42
scaffold,0.1,60000,0.922,9220,10000,0.951430150102936,0.04081089301146472,0.919026991002999,0.9036050156739812,0.0,36140,0.049099348529209774,100,100,quantity_skew,,5,1.09778998193846,0.0,140.73043275500004,42
fedavg,0.5,60000,0.9149,9149,10000,0.9215295623176015,0.042379242526517,0.9129204129204129,0.8709677419354839,0.0,26738,0.03175963443171308,296,100,quantity_skew,0.0,5,0.8528484022510814,0.0,137.241108963,42
fedprox,0.5,60000,0.9151,9151,10000,0.9214098735085052,0.04240336399718418,0.9127539127539127,0.8709677419354839,0.0,26738,0.03175963443171308,296,100,quantity_skew,0.01,5,0.8528484022510814,0.0,137.50496076800027,42
scaffold,0.5,60000,0.9151,9151,10000,0.922013679215292,0.042266775152465866,0.9137529137529138,0.8709677419354839,0.0,26738,0.03175963443171308,296,100,quantity_skew,,5,0.8528484022510814,0.0,139.91876704000015,42
fedavg,0.1,60000,0.9286,9286,10000,0.9340959164073732,0.03458254752596103,0.9247043145094119,0.9,0.0,44864,0.04362289213556518,100,100,quantity_skew,0.0,5,1.407983280953451,0.0,138.0411575750004,43
fedprox,0.1,60000,0.928,9280,10000,0.9338730503498738,0.0346346275923853,0.9238713976345161,0.9,0.0,44864,0.04362289213556518,100,100,quantity_skew,0.01,5,1.407983280953451,0.0,136.64957572799995,43
scaffold,0.1,60000,0.9289,9289,10000,0.9330774194497401,0.03490019793318949,0.9237048142595369,0.9,0.0,44864,0.04362289213556518,100,100,quantity_skew,,5,1.407983280953451,0.0,140.25998354900003,43
fedavg,0.5,60000,0.9278,9278,10000,0.9138940848131405,0.009042740244444292,0.9212060636348492,0.9052224371373307,0.0,41740,0.038878910196092145,104,100,quantity_skew,0.0,5,1.2709630130556733,0.0,138.9673425430001,43
fedprox,0.5,60000,0.9272,9272,10000,0.913846169144717,0.008995639173174374,0.92103948025987,0.9052224371373307,0.0,41740,0.038878910196092145,104,100,quantity_skew,0.01,5,1.2709630130556733,0.0,138.3875425719998,43
scaffold,0.5,60000,0.9279,9279,10000,0.915058148247183,0.0077081485122434765,0.9205397301349325,0.9056603773584906,0.0,41740,0.038878910196092145,104,100,quantity_skew,,5,1.2709630130556733,0.0,139.2837553850004,43
fedavg,0.1,60000,0.9375,9375,10000,0.9452421652421652,0.03387051029198389,0.9301899366877707,0.9,0.0,58486,0.0695069349959505,100,100,quantity_skew,0.0,5,1.9371386372688972,0.0,136.6755787230013,44
fedprox,0.1,60000,0.937,9370,10000,0.945037037037037,0.03396568913490169,0.92919026991003,0.9,0.0,58486,0.0695069349959505,100,100,quantity_skew,0.01,5,1.9371386372688972,0.0,135.24413475499932,44
scaffold,0.1,60000,0.9375,9375,10000,0.9452421652421652,0.03387051029198389,0.9301899366877707,0.9,0.0,58486,0.0695069349959505,100,100,quantity_skew,,5,1.9371386372688972,0.0,138.27184758899966,44
fedavg,0.5,60000,0.9199,9199,10000,0.9033626119633548,0.01891710874933368,0.9088940706195869,0.8695652173913043,0.0,33306,0.016023061043936797,1313,100,quantity_skew,0.0,5,0.965165190236596,0.0,136.88886129099956,44
fedprox,0.5,60000,0.9198,9198,10000,0.9027379379483375,0.01878328746737481,0.9080612924716855,0.8695652173913043,0.0,33306,0.016023061043936797,1313,100,quantity_skew,0.01,5,0.965165190236596,0.0,136.47385690600095,44
scaffold,0.5,60000,0.9206,9206,10000,0.9031872390076734,0.01884043865399104,0.9088940706195869,0.8695652173913043,0.0,33306,0.016023061043936797,1313,100,quantity_skew,,5,0.965165190236596,0.0,137.3532321879993,44
fedavg,,60000,0.9008,9008,10000,0.8775000000000001,0.01587275793441216,0.8775,0.8591666666666666,10.0,12000,0.008903333333333336,12000,1,rotation_shift,0.0,5,0.0,7.0710678118654755,443.3998545100003,42
fedprox,,60000,0.9008,9008,10000,0.8771666666666667,0.016008678202080823,0.8771666666666667,0.8591666666666666,10.0,12000,0.008903333333333336,12000,1,rotation_shift,0.01,5,0.0,7.0710678118654755,445.2843753530001,42
scaffold,,60000,0.901,9010,10000,0.8788333333333334,0.01656301099840649,0.8788333333333334,0.8583333333333333,10.0,12000,0.008903333333333336,12000,1,rotation_shift,,5,0.0,7.0710678118654755,443.303280353,42
fedavg,,60000,0.8943,8943,10000,0.8553333333333335,0.03136080356113345,0.8553333333333333,0.8183333333333334,20.0,12000,0.008903333333333336,12000,1,rotation_shift,0.0,5,0.0,14.142135623730951,441.6299547010003,42
fedprox,,60000,0.8938,8938,10000,0.8548333333333333,0.03151895373334029,0.8548333333333333,0.8166666666666667,20.0,12000,0.008903333333333336,12000,1,rotation_shift,0.01,5,0.0,14.142135623730951,447.53420889599965,42
scaffold,,60000,0.8918,8918,10000,0.857,0.02943259719728751,0.857,0.8225,20.0,12000,0.008903333333333336,12000,1,rotation_shift,,5,0.0,14.142135623730951,452.4993889010002,42
fedavg,,60000,0.9042,9042,10000,0.8856666666666666,0.013389465178929956,0.8856666666666667,0.8691666666666666,10.0,12000,0.010400000000000001,12000,1,rotation_shift,0.0,5,0.0,7.0710678118654755,433.20760252199943,43
fedprox,,60000,0.9041,9041,10000,0.8856666666666666,0.013389465178929956,0.8856666666666667,0.8691666666666666,10.0,12000,0.010400000000000001,12000,1,rotation_shift,0.01,5,0.0,7.0710678118654755,429.14794866099874,43
scaffold,,60000,0.904,9040,10000,0.8859999999999999,0.013347908700117282,0.886,0.8708333333333333,10.0,12000,0.010400000000000001,12000,1,rotation_shift,,5,0.0,7.0710678118654755,444.8805782039999,43
fedavg,,60000,0.8935,8935,10000,0.8586666666666668,0.02886077692031946,0.8586666666666667,0.8241666666666667,20.0,12000,0.010400000000000001,12000,1,rotation_shift,0.0,5,0.0,14.142135623730951,423.33153036600015,43
fedprox,,60000,0.8931,8931,10000,0.8585,0.028994252303976804,0.8585,0.8241666666666667,20.0,12000,0.010400000000000001,12000,1,rotation_shift,0.01,5,0.0,14.142135623730951,436.7908158179998,43
scaffold,,60000,0.8916,8916,10000,0.8613333333333333,0.026037366311600002,0.8613333333333333,0.8283333333333334,20.0,12000,0.010400000000000001,12000,1,rotation_shift,,5,0.0,14.142135623730951,438.00370795900017,43
fedavg,,60000,0.9028,9028,10000,0.883,0.01711561989658702,0.883,0.8583333333333333,10.0,12000,0.010576666666666668,12000,1,rotation_shift,0.0,5,0.0,7.0710678118654755,436.08481950499845,44
fedprox,,60000,0.9026,9026,10000,0.8831666666666667,0.01687700605360246,0.8831666666666667,0.8591666666666666,10.0,12000,0.010576666666666668,12000,1,rotation_shift,0.01,5,0.0,7.0710678118654755,432.2471245910001,44
scaffold,,60000,0.9032,9032,10000,0.884,0.01711399687065794,0.884,0.8591666666666666,10.0,12000,0.010576666666666668,12000,1,rotation_shift,,5,0.0,7.0710678118654755,444.73002914599965,44
fedavg,,60000,0.8947,8947,10000,0.8551666666666666,0.03659234892706396,0.8551666666666666,0.8091666666666667,20.0,12000,0.010576666666666668,12000,1,rotation_shift,0.0,5,0.0,14.142135623730951,433.81598021399986,44
fedprox,,60000,0.8947,8947,10000,0.8550000000000001,0.03651864059779758,0.855,0.8091666666666667,20.0,12000,0.010576666666666668,12000,1,rotation_shift,0.01,5,0.0,14.142135623730951,437.6595312260015,44
scaffold,,60000,0.894,8940,10000,0.86,0.031113591170990784,0.86,0.8216666666666667,20.0,12000,0.010576666666666668,12000,1,rotation_shift,,5,0.0,14.142135623730951,441.8682577110012,44
