method,seed,alpha,round,local_epochs,client_id,client_size,client_weight,num_local_steps,update_magnitude,relative_update_magnitude,aggregate_alignment,loo_alignment,correction_magnitude,client_control_magnitude,control_delta_magnitude
scaffold,44,0.1,1,5,0,438,0.009125380224176007,35,0.5342230200767517,0.07873102361648014,0.08164336532354355,0.07870170474052429,0.0,1.5263515710830688,1.5263515710830688
scaffold,44,0.1,1,5,1,15363,0.3200758364931872,1205,2.1852574348449707,0.32205193008371324,0.7011768817901611,0.36149367690086365,0.0,0.18134918808937073,0.18134918808937073
scaffold,44,0.1,1,5,2,3512,0.07316971540480853,275,0.7171156406402588,0.10568479140207027,0.23620842397212982,0.20579469203948975,0.0,0.2607693374156952,0.2607693374156952
scaffold,44,0.1,1,5,3,21654,0.45114379765823576,1695,2.645892858505249,0.38993799462202977,0.8982506990432739,0.3669924736022949,0.0,0.15609988570213318,0.15609988570213318
scaffold,44,0.1,1,5,4,7031,0.14648527021959248,550,1.324914574623108,0.19525905238880228,0.3674095869064331,0.25915318727493286,0.0,0.24089357256889343,0.24089357256889343
scaffold,44,0.1,2,5,0,438,0.009125380224176007,35,0.47153693437576294,0.06615233690491899,0.16949263215065002,0.16580495238304138,1.497175693511963,2.3736841678619385,1.347489833831787
scaffold,44,0.1,2,5,1,15363,0.3200758364931872,1205,1.3990882635116577,0.19627933979353301,0.8265790343284607,0.6087239384651184,0.12576667964458466,0.1662929505109787,0.09518910199403763
scaffold,44,0.1,2,5,2,3512,0.07316971540480853,275,0.5730494856834412,0.08039362322764011,0.5345098972320557,0.5073186755180359,0.2395966649055481,0.33662182092666626,0.17742957174777985
scaffold,44,0.1,2,5,3,21654,0.45114379765823576,1695,1.5828924179077148,0.2220653884775631,0.9232398867607117,0.6073499321937561,0.0988493412733078,0.12303710728883743,0.07862900197505951
scaffold,44,0.1,2,5,4,7031,0.14648527021959248,550,0.9568427205085754,0.13423631829794586,0.5837630033493042,0.49310755729675293,0.194538876414299,0.26674917340278625,0.15042530000209808
scaffold,44,0.1,3,5,0,438,0.009125380224176007,35,0.26259225606918335,0.0349187291719302,-0.1390114575624466,-0.14216996729373932,2.3322808742523193,2.5500123500823975,0.7621363997459412
scaffold,44,0.1,3,5,1,15363,0.3200758364931872,1205,0.8557260036468506,0.1137918726698857,0.7659963965415955,0.5260236859321594,0.13688352704048157,0.15443791449069977,0.07215792685747147
scaffold,44,0.1,3,5,2,3512,0.07316971540480853,275,0.3459435701370239,0.04600253646171032,0.4026375710964203,0.37352868914604187,0.3118813633918762,0.36900776624679565,0.1165253072977066
scaffold,44,0.1,3,5,3,21654,0.45114379765823576,1695,1.168941855430603,0.15544237548559234,0.934844970703125,0.5362014174461365,0.11771675944328308,0.12595587968826294,0.06409738212823868
scaffold,44,0.1,3,5,4,7031,0.14648527021959248,550,0.5572619438171387,0.07410301882187781,0.3777122497558594,0.27795183658599854,0.21922920644283295,0.24463392794132233,0.10606350749731064
scaffold,44,0.1,4,5,0,438,0.009125380224176007,35,0.19635652005672455,0.025117024279289624,-0.20197729766368866,-0.20510615408420563,2.5334842205047607,2.526111125946045,0.5735761523246765
scaffold,44,0.1,4,5,1,15363,0.3200758364931872,1205,0.6489152908325195,0.08300626386296818,0.7351782321929932,0.4656617343425751,0.14220348000526428,0.15600937604904175,0.04737957566976547
scaffold,44,0.1,4,5,2,3512,0.07316971540480853,275,0.2514837086200714,0.03216864106896669,0.44000568985939026,0.4123687744140625,0.362552285194397,0.4178282916545868,0.07803510874509811
scaffold,44,0.1,4,5,3,21654,0.45114379765823576,1695,0.8775746822357178,0.11225532309411863,0.9269663095474243,0.4804548919200897,0.12663769721984863,0.1363091617822647,0.03436717763543129
scaffold,44,0.1,4,5,4,7031,0.14648527021959248,550,0.44548335671424866,0.05698418511073033,0.3270399272441864,0.21508200466632843,0.22842955589294434,0.24926985800266266,0.07984022051095963
scaffold,44,0.1,5,5,0,438,0.009125380224176007,35,0.1464938372373581,0.018265361904290792,-0.18951672315597534,-0.1922517865896225,2.5198936462402344,2.5462658405303955,0.42565813660621643
scaffold,44,0.1,5,5,1,15363,0.3200758364931872,1205,0.5550919771194458,0.06921080124228869,0.7915239930152893,0.5610111951828003,0.15116901695728302,0.16542617976665497,0.03276488929986954
scaffold,44,0.1,5,5,2,3512,0.07316971540480853,275,0.21464815735816956,0.026763079936828277,0.3866729140281677,0.35775890946388245,0.41175907850265503,0.4632362127304077,0.06649960577487946
scaffold,44,0.1,5,5,3,21654,0.45114379765823576,1695,0.7192450165748596,0.08967797399088978,0.9330229163169861,0.561030387878418,0.13499866425991058,0.14499342441558838,0.02492981031537056
scaffold,44,0.1,5,5,4,7031,0.14648527021959248,550,0.35261133313179016,0.04396480925522612,0.4188994765281677,0.3223375976085663,0.24239277839660645,0.2682761251926422,0.055185385048389435
scaffold,44,0.1,6,5,0,438,0.009125380224176007,35,0.11712000519037247,0.014313908467857257,-0.13959774374961853,-0.14203910529613495,2.5419814586639404,2.510829448699951,0.33815285563468933
scaffold,44,0.1,6,5,1,15363,0.3200758364931872,1205,0.49488165974617004,0.06048232979936935,0.8155257105827332,0.6106889843940735,0.16187965869903564,0.17604759335517883,0.025750165805220604
scaffold,44,0.1,6,5,2,3512,0.07316971540480853,275,0.18898148834705353,0.023096513033125442,0.3204510807991028,0.2910892069339752,0.45824575424194336,0.5028842091560364,0.060486022382974625
scaffold,44,0.1,6,5,3,21654,0.45114379765823576,1695,0.6466544270515442,0.07903135134006431,0.9403365254402161,0.6076555848121643,0.14502254128456116,0.15399624407291412,0.021671826019883156
scaffold,44,0.1,6,5,4,7031,0.14648527021959248,550,0.30259305238723755,0.03698163475864067,0.47885623574256897,0.39329737424850464,0.26274919509887695,0.2872459590435028,0.043451182544231415
scaffold,44,0.1,7,5,0,438,0.009125380224176007,35,0.09244249761104584,0.011098693854021388,-0.12444707751274109,-0.12654133141040802,2.5079727172851562,2.5117290019989014,0.2658650875091553
scaffold,44,0.1,7,5,1,15363,0.3200758364931872,1205,0.4470535218715668,0.05367347598602427,0.814204216003418,0.615354597568512,0.17273646593093872,0.18487761914730072,0.021608246490359306
scaffold,44,0.1,7,5,2,3512,0.07316971540480853,275,0.18467183411121368,0.0221717954753321,0.2818963825702667,0.25007718801498413,0.4988473057746887,0.541693925857544,0.06143803521990776
scaffold,44,0.1,7,5,3,21654,0.45114379765823576,1695,0.605841338634491,0.07273762301302499,0.9407578706741333,0.5953649878501892,0.15440891683101654,0.16273927688598633,0.02042451873421669
scaffold,44,0.1,7,5,4,7031,0.14648527021959248,550,0.26117709279060364,0.03135705621847977,0.49838975071907043,0.42056217789649963,0.28289595246315,0.3058282434940338,0.03620634600520134
scaffold,44,0.1,8,5,0,438,0.009125380224176007,35,0.08168254047632217,0.009641782141026317,-0.1120697483420372,-0.11409620195627213,2.509011745452881,2.4514338970184326,0.2360905259847641
scaffold,44,0.1,8,5,1,15363,0.3200758364931872,1205,0.4080338478088379,0.048164190827021676,0.8148638606071472,0.6175855994224548,0.18249154090881348,0.19417952001094818,0.020058495923876762
scaffold,44,0.1,8,5,2,3512,0.07316971540480853,275,0.16804876923561096,0.01983642541709449,0.2539210021495819,0.22184278070926666,0.5372301936149597,0.5724009275436401,0.05612805485725403
scaffold,44,0.1,8,5,3,21654,0.45114379765823576,1695,0.5536159873008728,0.06534866212800423,0.943642795085907,0.6114547848701477,0.1639377772808075,0.17129333317279816,0.017586838454008102
scaffold,44,0.1,8,5,4,7031,0.14648527021959248,550,0.2316942811012268,0.027349122207423356,0.5284420847892761,0.45598119497299194,0.3019075095653534,0.32190269231796265,0.031872883439064026
scaffold,44,0.1,9,5,0,438,0.009125380224176007,35,0.06497012078762054,0.007544394578422452,-0.06358874589204788,-0.06534095853567123,2.450079917907715,2.4721291065216064,0.1863037496805191
scaffold,44,0.1,9,5,1,15363,0.3200758364931872,1205,0.37863537669181824,0.043967513812241364,0.8167027235031128,0.6208522319793701,0.19207662343978882,0.20294693112373352,0.018049005419015884
scaffold,44,0.1,9,5,2,3512,0.07316971540480853,275,0.16474904119968414,0.019130821340015473,0.2582578659057617,0.22441919147968292,0.5690494775772095,0.6057159900665283,0.05519751086831093
scaffold,44,0.1,9,5,3,21654,0.45114379765823576,1695,0.512985348701477,0.059568365221371086,0.9427856802940369,0.6089076995849609,0.1720215529203415,0.1793891191482544,0.01640055514872074
scaffold,44,0.1,9,5,4,7031,0.14648527021959248,550,0.20814619958400726,0.024170142222669763,0.5475844740867615,0.4794040322303772,0.3188483715057373,0.337612509727478,0.028411870822310448
scaffold,44,0.1,10,5,0,438,0.009125380224176007,35,0.05387398228049278,0.006158051429560687,-0.06983502209186554,-0.07135733217000961,2.469834089279175,2.461350679397583,0.15441995859146118
scaffold,44,0.1,10,5,1,15363,0.3200758364931872,1205,0.39556455612182617,0.045214902949388375,0.8097995519638062,0.5781834721565247,0.20168349146842957,0.21400274336338043,0.022715309634804726
scaffold,44,0.1,10,5,2,3512,0.07316971540480853,275,0.16094283759593964,0.018396528884297728,0.19717341661453247,0.1615864783525467,0.6021385788917542,0.6416785717010498,0.05374862998723984
scaffold,44,0.1,10,5,3,21654,0.45114379765823576,1695,0.4771151840686798,0.05453652611054705,0.9371971487998962,0.6082770228385925,0.180661141872406,0.1872224360704422,0.015074944123625755
scaffold,44,0.1,10,5,4,7031,0.14648527021959248,550,0.19160601496696472,0.021901475339924523,0.5262643694877625,0.4586740732192993,0.3345663249492645,0.35167577862739563,0.025796204805374146
scaffold,44,0.1,11,5,0,438,0.009125380224176007,35,0.06833164393901825,0.00769330694933348,0.05217617005109787,0.050145238637924194,2.460414409637451,2.4336187839508057,0.1968061923980713
scaffold,44,0.1,11,5,1,15363,0.3200758364931872,1205,0.34109386801719666,0.03840299565357476,0.8104364275932312,0.6125011444091797,0.2120613008737564,0.22050021588802338,0.01787896640598774
scaffold,44,0.1,11,5,2,3512,0.07316971540480853,275,0.1682462990283966,0.01894247448034395,0.292325884103775,0.25493210554122925,0.6396498084068298,0.6824682950973511,0.0582728385925293
scaffold,44,0.1,11,5,3,21654,0.45114379765823576,1695,0.4666764736175537,0.052542060319468904,0.9422904253005981,0.6056116819381714,0.18765568733215332,0.19350950419902802,0.015160644426941872
scaffold,44,0.1,11,5,4,7031,0.14648527021959248,550,0.19400212168693542,0.02184226494377216,0.5538881421089172,0.48446983098983765,0.34992414712905884,0.36802616715431213,0.028242196887731552
scaffold,44,0.1,12,5,0,438,0.009125380224176007,35,0.046259768307209015,0.005132949155299374,-0.04407810419797897,-0.045537952333688736,2.4322092533111572,2.403391122817993,0.13396884500980377
scaffold,44,0.1,12,5,1,15363,0.3200758364931872,1205,0.3190429210662842,0.03540076295488544,0.8019575476646423,0.6000445485115051,0.220554381608963,0.22938451170921326,0.016957389190793037
scaffold,44,0.1,12,5,2,3512,0.07316971540480853,275,0.13845710456371307,0.01536309635612151,0.22058166563510895,0.1868114322423935,0.6757612228393555,0.7063004374504089,0.04513139650225639
scaffold,44,0.1,12,5,3,21654,0.45114379765823576,1695,0.4487396478652954,0.04979181437232916,0.9410907030105591,0.5780617594718933,0.1962088644504547,0.20216509699821472,0.01627691276371479
scaffold,44,0.1,12,5,4,7031,0.14648527021959248,550,0.17324186861515045,0.01922278765568405,0.5494801998138428,0.4835355877876282,0.3648345172405243,0.38046807050704956,0.0249202661216259
scaffold,44,0.1,13,5,0,438,0.009125380224176007,35,0.043791789561510086,0.004791757034703619,-0.03725244104862213,-0.038720790296792984,2.402033567428589,2.374851703643799,0.12631107866764069
scaffold,44,0.1,13,5,1,15363,0.3200758364931872,1205,0.30116480588912964,0.03295386170956526,0.8100414276123047,0.6133151054382324,0.2282768338918686,0.2360333800315857,0.014827867969870567
scaffold,44,0.1,13,5,2,3512,0.07316971540480853,275,0.13543227314949036,0.014819183095462297,0.1896144449710846,0.15411525964736938,0.7034538984298706,0.7333917617797852,0.046382028609514236
scaffold,44,0.1,13,5,3,21654,0.45114379765823576,1695,0.42061614990234375,0.04602438985448502,0.941602349281311,0.5857009887695312,0.20364342629909515,0.20916979014873505,0.01316817570477724
scaffold,44,0.1,13,5,4,7031,0.14648527021959248,550,0.16623665392398834,0.01818984023813422,0.5390546321868896,0.4707801043987274,0.3783164322376251,0.39324328303337097,0.023285122588276863
scaffold,44,0.1,14,5,0,438,0.009125380224176007,35,0.03793366625905037,0.004095646386807972,-0.032499298453330994,-0.033830802887678146,2.3734958171844482,2.3493943214416504,0.10895765572786331
scaffold,44,0.1,14,5,1,15363,0.3200758364931872,1205,0.2996160686016083,0.032349139690788904,0.817271888256073,0.6137484908103943,0.23482422530651093,0.24285782873630524,0.015054166316986084
scaffold,44,0.1,14,5,2,3512,0.07316971540480853,275,0.12334690988063812,0.01331759820752983,0.23991145193576813,0.20676147937774658,0.7310519814491272,0.7575381994247437,0.04169829562306404
scaffold,44,0.1,14,5,3,21654,0.45114379765823576,1695,0.39379942417144775,0.04251798857828687,0.9395915865898132,0.5980762839317322,0.21079309284687042,0.21578536927700043,0.012157600373029709
scaffold,44,0.1,14,5,4,7031,0.14648527021959248,550,0.15299656987190247,0.016518831697170035,0.5453068614006042,0.48028823733329773,0.3911125659942627,0.4048658013343811,0.020551485940814018
scaffold,44,0.1,15,5,0,438,0.009125380224176007,35,0.04042752459645271,0.004309048374815607,0.012523596175014973,0.011037144809961319,2.348132371902466,2.3387837409973145,0.11646667867898941
scaffold,44,0.1,15,5,1,15363,0.3200758364931872,1205,0.2781592011451721,0.02964815346967303,0.8203285932540894,0.6280388236045837,0.2414814680814743,0.2490687072277069,0.013857278972864151
scaffold,44,0.1,15,5,2,3512,0.07316971540480853,275,0.12445677071809769,0.013265473237623702,0.23266978561878204,0.19753265380859375,0.7550183534622192,0.7852200865745544,0.0415990985929966
scaffold,44,0.1,15,5,3,21654,0.45114379765823576,1695,0.3769969642162323,0.04018297365921122,0.9469140768051147,0.6310654878616333,0.21753238141536713,0.22281762957572937,0.012112726457417011
scaffold,44,0.1,15,5,4,7031,0.14648527021959248,550,0.14544662833213806,0.01550271909282325,0.5605893731117249,0.4973512291908264,0.40325257182121277,0.4150163233280182,0.0198645181953907
scaffold,44,0.1,16,5,0,438,0.009125380224176007,35,0.03230515867471695,0.003400876910572551,-0.011708606034517288,-0.012931878678500652,2.3381588459014893,2.306842088699341,0.09241079539060593
scaffold,44,0.1,16,5,1,15363,0.3200758364931872,1205,0.26531901955604553,0.02793106007091322,0.8282963037490845,0.6473343372344971,0.24855680763721466,0.25552263855934143,0.012555832043290138
scaffold,44,0.1,16,5,2,3512,0.07316971540480853,275,0.11399120092391968,0.012000251945333978,0.2466079145669937,0.2136950045824051,0.7830983996391296,0.8093997836112976,0.0383833572268486
scaffold,44,0.1,16,5,3,21654,0.45114379765823576,1695,0.36802127957344055,0.03874288576951699,0.947019636631012,0.6261941194534302,0.22353574633598328,0.2280830442905426,0.011088661849498749
scaffold,44,0.1,16,5,4,7031,0.14648527021959248,550,0.14068932831287384,0.014810857084496459,0.5493676066398621,0.4853422939777374,0.41373375058174133,0.42628589272499084,0.019317256286740303
scaffold,44,0.1,17,5,0,438,0.009125380224176007,35,0.02956467494368553,0.0030753696491696695,-0.04394363984465599,-0.045090049505233765,2.306540012359619,2.286165237426758,0.08556736260652542
scaffold,44,0.1,17,5,1,15363,0.3200758364931872,1205,0.254042387008667,0.026425937308535683,0.7885697484016418,0.5839511752128601,0.2547871768474579,0.2609945833683014,0.012662007473409176
scaffold,44,0.1,17,5,2,3512,0.07316971540480853,275,0.12160180509090424,0.012649234309971193,0.18358540534973145,0.14661851525306702,0.8066712021827698,0.8359334468841553,0.041264358907938004
scaffold,44,0.1,17,5,3,21654,0.45114379765823576,1695,0.3736765384674072,0.03887049281611984,0.942074716091156,0.5558677315711975,0.2295079529285431,0.23476465046405792,0.012669063173234463
scaffold,44,0.1,17,5,4,7031,0.14648527021959248,550,0.128451406955719,0.0133617419808342,0.5475361943244934,0.4876675009727478,0.42485547065734863,0.43473008275032043,0.01749982312321663
scaffold,44,0.1,18,5,0,438,0.009125380224176007,35,0.03600126504898071,0.003701981336356772,0.025157853960990906,0.023709280416369438,2.2851128578186035,2.2471792697906494,0.10345207154750824
scaffold,44,0.1,18,5,1,15363,0.3200758364931872,1205,0.2545155882835388,0.026171634701047854,0.8021603226661682,0.5956158638000488,0.2605675756931305,0.26806554198265076,0.013527563773095608
scaffold,44,0.1,18,5,2,3512,0.07316971540480853,275,0.11831310391426086,0.012166041997166812,0.18877917528152466,0.1515713334083557,0.8337845206260681,0.859708845615387,0.04119976982474327
scaffold,44,0.1,18,5,3,21654,0.45114379765823576,1695,0.353527694940567,0.036352970562968136,0.9369587302207947,0.5552607178688049,0.23581932485103607,0.239429771900177,0.011152593418955803
scaffold,44,0.1,18,5,4,7031,0.14648527021959248,550,0.1357729583978653,0.013961424891236494,0.5145437717437744,0.44559675455093384,0.4334809482097626,0.44608479738235474,0.019622405990958214
scaffold,44,0.1,19,5,0,438,0.009125380224176007,35,0.03614406660199165,0.003675058428523776,-0.052083369344472885,-0.053590599447488785,2.246568202972412,2.2266721725463867,0.10590032488107681
scaffold,44,0.1,19,5,1,15363,0.3200758364931872,1205,0.23888158798217773,0.024289015483517036,0.8207237124443054,0.6355652213096619,0.266315221786499,0.2716064453125,0.011351481080055237
scaffold,44,0.1,19,5,2,3512,0.07316971540480853,275,0.11096138507127762,0.011282337926646046,0.1954839825630188,0.15932875871658325,0.8570613861083984,0.8782818913459778,0.03831370547413826
scaffold,44,0.1,19,5,3,21654,0.45114379765823576,1695,0.33894428610801697,0.03446319610844794,0.9460110068321228,0.603384256362915,0.24189695715904236,0.2466186136007309,0.012411864474415779
scaffold,44,0.1,19,5,4,7031,0.14648527021959248,550,0.12711867690086365,0.012925179950325986,0.4957118034362793,0.4272257387638092,0.4447087347507477,0.45532116293907166,0.018928825855255127
scaffold,44,0.1,20,5,0,438,0.009125380224176007,35,0.029810314998030663,0.0029982976977877686,0.06686543673276901,0.06553828716278076,2.2252705097198486,2.210148334503174,0.08632101863622665
scaffold,44,0.1,20,5,1,15363,0.3200758364931872,1205,0.2325514703989029,0.023389841347206612,0.8319016695022583,0.6440314650535583,0.27159592509269714,0.27873584628105164,0.011926565319299698
scaffold,44,0.1,20,5,2,3512,0.07316971540480853,275,0.1065039187669754,0.010712079173450316,0.26112112402915955,0.2250254899263382,0.876895546913147,0.9009252786636353,0.03623170033097267
scaffold,44,0.1,20,5,3,21654,0.45114379765823576,1695,0.30658042430877686,0.030835614466084262,0.9424359202384949,0.6206817626953125,0.24723048508167267,0.2514563500881195,0.009325414896011353
scaffold,44,0.1,20,5,4,7031,0.14648527021959248,550,0.12175753712654114,0.012246275937672383,0.5470311641693115,0.48129522800445557,0.4540312886238098,0.4634004831314087,0.017786655575037003
