method,seed,alpha,round,local_epochs,client_i,client_j,cosine_similarity
scaffold,44,0.1,1,5,0,1,0.0025759534910321236
scaffold,44,0.1,1,5,0,2,0.0046988558024168015
scaffold,44,0.1,1,5,0,3,0.020625483244657516
scaffold,44,0.1,1,5,0,4,0.5302101373672485
scaffold,44,0.1,1,5,1,2,0.211999773979187
scaffold,44,0.1,1,5,1,3,0.34156334400177
scaffold,44,0.1,1,5,1,4,0.18738384544849396
scaffold,44,0.1,1,5,2,3,0.09246136248111725
scaffold,44,0.1,1,5,2,4,0.401030570268631
scaffold,44,0.1,1,5,3,4,0.2146824300289154
scaffold,44,0.1,2,5,0,1,0.10362052172422409
scaffold,44,0.1,2,5,0,2,0.1955709010362625
scaffold,44,0.1,2,5,0,3,0.07247353345155716
scaffold,44,0.1,2,5,0,4,0.5822824239730835
scaffold,44,0.1,2,5,1,2,0.4697820544242859
scaffold,44,0.1,2,5,1,3,0.5731841921806335
scaffold,44,0.1,2,5,1,4,0.4309764504432678
scaffold,44,0.1,2,5,2,3,0.3920234441757202
scaffold,44,0.1,2,5,2,4,0.5226795673370361
scaffold,44,0.1,2,5,3,4,0.4266093671321869
scaffold,44,0.1,3,5,0,1,-0.14184553921222687
scaffold,44,0.1,3,5,0,2,-0.011609663255512714
scaffold,44,0.1,3,5,0,3,-0.19709044694900513
scaffold,44,0.1,3,5,0,4,0.4573276937007904
scaffold,44,0.1,3,5,1,2,0.39190956950187683
scaffold,44,0.1,3,5,1,3,0.5141660571098328
scaffold,44,0.1,3,5,1,4,0.18237020075321198
scaffold,44,0.1,3,5,2,3,0.24508076906204224
scaffold,44,0.1,3,5,2,4,0.459213525056839
scaffold,44,0.1,3,5,3,4,0.2588866055011749
scaffold,44,0.1,4,5,0,1,-0.2341635525226593
scaffold,44,0.1,4,5,0,2,-0.05608103424310684
scaffold,44,0.1,4,5,0,3,-0.2420191764831543
scaffold,44,0.1,4,5,0,4,0.5034780502319336
scaffold,44,0.1,4,5,1,2,0.40047338604927063
scaffold,44,0.1,4,5,1,3,0.4557379186153412
scaffold,44,0.1,4,5,1,4,0.1281263381242752
scaffold,44,0.1,4,5,2,3,0.2927055060863495
scaffold,44,0.1,4,5,2,4,0.3692682087421417
scaffold,44,0.1,4,5,3,4,0.20182330906391144
scaffold,44,0.1,5,5,0,1,-0.222079798579216
scaffold,44,0.1,5,5,0,2,-0.06732349097728729
scaffold,44,0.1,5,5,0,3,-0.2362111508846283
scaffold,44,0.1,5,5,0,4,0.5148378610610962
scaffold,44,0.1,5,5,1,2,0.3980157673358917
scaffold,44,0.1,5,5,1,3,0.5426968336105347
scaffold,44,0.1,5,5,1,4,0.25086915493011475
scaffold,44,0.1,5,5,2,3,0.23487620055675507
scaffold,44,0.1,5,5,2,4,0.37781795859336853
scaffold,44,0.1,5,5,3,4,0.2908843159675598
scaffold,44,0.1,6,5,0,1,-0.15751409530639648
scaffold,44,0.1,6,5,0,2,-0.010836351662874222
scaffold,44,0.1,6,5,0,3,-0.19402410089969635
scaffold,44,0.1,6,5,0,4,0.4680209457874298
scaffold,44,0.1,6,5,1,2,0.34449243545532227
scaffold,44,0.1,6,5,1,3,0.5916277766227722
scaffold,44,0.1,6,5,1,4,0.3221544325351715
scaffold,44,0.1,6,5,2,3,0.17368285357952118
scaffold,44,0.1,6,5,2,4,0.41568446159362793
scaffold,44,0.1,6,5,3,4,0.35591864585876465
scaffold,44,0.1,7,5,0,1,-0.15190590918064117
scaffold,44,0.1,7,5,0,2,-0.007281076163053513
scaffold,44,0.1,7,5,0,3,-0.17111562192440033
scaffold,44,0.1,7,5,0,4,0.48169928789138794
scaffold,44,0.1,7,5,1,2,0.35748159885406494
scaffold,44,0.1,7,5,1,3,0.588062047958374
scaffold,44,0.1,7,5,1,4,0.37200769782066345
scaffold,44,0.1,7,5,2,3,0.11602684110403061
scaffold,44,0.1,7,5,2,4,0.4018513560295105
scaffold,44,0.1,7,5,3,4,0.36674410104751587
scaffold,44,0.1,8,5,0,1,-0.12488289177417755
scaffold,44,0.1,8,5,0,2,0.08454184234142303
scaffold,44,0.1,8,5,0,3,-0.1522056758403778
scaffold,44,0.1,8,5,0,4,0.34913402795791626
scaffold,44,0.1,8,5,1,2,0.33416086435317993
scaffold,44,0.1,8,5,1,3,0.5948377847671509
scaffold,44,0.1,8,5,1,4,0.3735218346118927
scaffold,44,0.1,8,5,2,3,0.09233087301254272
scaffold,44,0.1,8,5,2,4,0.3869277238845825
scaffold,44,0.1,8,5,3,4,0.4169076383113861
scaffold,44,0.1,9,5,0,1,-0.07181037962436676
scaffold,44,0.1,9,5,0,2,0.15554052591323853
scaffold,44,0.1,9,5,0,3,-0.12879514694213867
scaffold,44,0.1,9,5,0,4,0.47938358783721924
scaffold,44,0.1,9,5,1,2,0.3285013735294342
scaffold,44,0.1,9,5,1,3,0.5940344333648682
scaffold,44,0.1,9,5,1,4,0.4129725396633148
scaffold,44,0.1,9,5,2,3,0.10292450338602066
scaffold,44,0.1,9,5,2,4,0.36859431862831116
scaffold,44,0.1,9,5,3,4,0.42879220843315125
scaffold,44,0.1,10,5,0,1,-0.14807076752185822
scaffold,44,0.1,10,5,0,2,0.12512442469596863
scaffold,44,0.1,10,5,0,3,-0.08486895263195038
scaffold,44,0.1,10,5,0,4,0.4493059515953064
scaffold,44,0.1,10,5,1,2,0.1584017127752304
scaffold,44,0.1,10,5,1,3,0.5705646276473999
scaffold,44,0.1,10,5,1,4,0.3201802670955658
scaffold,44,0.1,10,5,2,3,0.09928545355796814
scaffold,44,0.1,10,5,2,4,0.35953524708747864
scaffold,44,0.1,10,5,3,4,0.4461711049079895
scaffold,44,0.1,11,5,0,1,0.03405505418777466
scaffold,44,0.1,11,5,0,2,0.4621603786945343
scaffold,44,0.1,11,5,0,3,-0.03237110376358032
scaffold,44,0.1,11,5,0,4,0.4491027593612671
scaffold,44,0.1,11,5,1,2,0.3758815824985504
scaffold,44,0.1,11,5,1,3,0.5863567590713501
scaffold,44,0.1,11,5,1,4,0.3840167820453644
scaffold,44,0.1,11,5,2,3,0.11244375258684158
scaffold,44,0.1,11,5,2,4,0.42973023653030396
scaffold,44,0.1,11,5,3,4,0.4450910687446594
scaffold,44,0.1,12,5,0,1,-0.021061565726995468
scaffold,44,0.1,12,5,0,2,0.011567162349820137
scaffold,44,0.1,12,5,0,3,-0.0957680344581604
scaffold,44,0.1,12,5,0,4,0.32625412940979004
scaffold,44,0.1,12,5,1,2,0.36286720633506775
scaffold,44,0.1,12,5,1,3,0.5674747228622437
scaffold,44,0.1,12,5,1,4,0.42386341094970703
scaffold,44,0.1,12,5,2,3,0.03905729204416275
scaffold,44,0.1,12,5,2,4,0.3371637165546417
scaffold,44,0.1,12,5,3,4,0.42653942108154297
scaffold,44,0.1,13,5,0,1,-0.0013184606796130538
scaffold,44,0.1,13,5,0,2,0.08449364453554153
scaffold,44,0.1,13,5,0,3,-0.10311415791511536
scaffold,44,0.1,13,5,0,4,0.34222230315208435
scaffold,44,0.1,13,5,1,2,0.36612191796302795
scaffold,44,0.1,13,5,1,3,0.5802829265594482
scaffold,44,0.1,13,5,1,4,0.4103999137878418
scaffold,44,0.1,13,5,2,3,-0.0011242839973419905
scaffold,44,0.1,13,5,2,4,0.2671579122543335
scaffold,44,0.1,13,5,3,4,0.4204983711242676
scaffold,44,0.1,14,5,0,1,-0.035771436989307404
scaffold,44,0.1,14,5,0,2,0.10387402027845383
scaffold,44,0.1,14,5,0,3,-0.07773255556821823
scaffold,44,0.1,14,5,0,4,0.33542245626449585
scaffold,44,0.1,14,5,1,2,0.3401525616645813
scaffold,44,0.1,14,5,1,3,0.5849854946136475
scaffold,44,0.1,14,5,1,4,0.4168689548969269
scaffold,44,0.1,14,5,2,3,0.07360181212425232
scaffold,44,0.1,14,5,2,4,0.3365286588668823
scaffold,44,0.1,14,5,3,4,0.4281335473060608
scaffold,44,0.1,15,5,0,1,-0.08228462934494019
scaffold,44,0.1,15,5,0,2,0.022109881043434143
scaffold,44,0.1,15,5,0,3,0.004693957045674324
scaffold,44,0.1,15,5,0,4,0.4254777133464813
scaffold,44,0.1,15,5,1,2,0.32832738757133484
scaffold,44,0.1,15,5,1,3,0.6078248620033264
scaffold,44,0.1,15,5,1,4,0.38474422693252563
scaffold,44,0.1,15,5,2,3,0.07545565813779831
scaffold,44,0.1,15,5,2,4,0.30780893564224243
scaffold,44,0.1,15,5,3,4,0.473847895860672
scaffold,44,0.1,16,5,0,1,-0.005607955623418093
scaffold,44,0.1,16,5,0,2,0.19403167068958282
scaffold,44,0.1,16,5,0,3,-0.06639944016933441
scaffold,44,0.1,16,5,0,4,0.3283154368400574
scaffold,44,0.1,16,5,1,2,0.34333938360214233
scaffold,44,0.1,16,5,1,3,0.6190409660339355
scaffold,44,0.1,16,5,1,4,0.4373946487903595
scaffold,44,0.1,16,5,2,3,0.08702939748764038
scaffold,44,0.1,16,5,2,4,0.35982730984687805
scaffold,44,0.1,16,5,3,4,0.43075689673423767
scaffold,44,0.1,17,5,0,1,-0.018487045541405678
scaffold,44,0.1,17,5,0,2,0.15336066484451294
scaffold,44,0.1,17,5,0,3,-0.09733471274375916
scaffold,44,0.1,17,5,0,4,0.3165931701660156
scaffold,44,0.1,17,5,1,2,0.32032930850982666
scaffold,44,0.1,17,5,1,3,0.5497236847877502
scaffold,44,0.1,17,5,1,4,0.4450105130672455
scaffold,44,0.1,17,5,2,3,0.012735193595290184
scaffold,44,0.1,17,5,2,4,0.3180464208126068
scaffold,44,0.1,17,5,3,4,0.41925475001335144
scaffold,44,0.1,18,5,0,1,0.1564711183309555
scaffold,44,0.1,18,5,0,2,0.2767627537250519
scaffold,44,0.1,18,5,0,3,-0.09651758521795273
scaffold,44,0.1,18,5,0,4,0.28281399607658386
scaffold,44,0.1,18,5,1,2,0.3759531080722809
scaffold,44,0.1,18,5,1,3,0.558011531829834
scaffold,44,0.1,18,5,1,4,0.4047398269176483
scaffold,44,0.1,18,5,2,3,-0.01738983392715454
scaffold,44,0.1,18,5,2,4,0.311119019985199
scaffold,44,0.1,18,5,3,4,0.3823399841785431
scaffold,44,0.1,19,5,0,1,-0.12516705691814423
scaffold,44,0.1,19,5,0,2,0.17873463034629822
scaffold,44,0.1,19,5,0,3,-0.06335974484682083
scaffold,44,0.1,19,5,0,4,0.32826870679855347
scaffold,44,0.1,19,5,1,2,0.28634411096572876
scaffold,44,0.1,19,5,1,3,0.607302725315094
scaffold,44,0.1,19,5,1,4,0.4018256664276123
scaffold,44,0.1,19,5,2,3,0.03825477883219719
scaffold,44,0.1,19,5,2,4,0.3616931736469269
scaffold,44,0.1,19,5,3,4,0.3647828698158264
scaffold,44,0.1,20,5,0,1,0.14300648868083954
scaffold,44,0.1,20,5,0,2,0.2132287323474884
scaffold,44,0.1,20,5,0,3,-0.04358953610062599
scaffold,44,0.1,20,5,0,4,0.39789384603500366
scaffold,44,0.1,20,5,1,2,0.3754977583885193
scaffold,44,0.1,20,5,1,3,0.6142677664756775
scaffold,44,0.1,20,5,1,4,0.41580262780189514
scaffold,44,0.1,20,5,2,3,0.07735706120729446
scaffold,44,0.1,20,5,2,4,0.3806936740875244
scaffold,44,0.1,20,5,3,4,0.43220093846321106
