mu,round,client_id,reconstructed_aggregate_alignment,loo_aggregate_alignment,peer_aggregate_magnitude
0.0,1,0,0.39165028335588165,0.2565019712345789,1.441734750149628
0.0,1,1,0.6175605016452044,0.4714149030505746,1.3506777861024906
0.0,1,2,0.6514854356842071,0.3889245378847707,1.2471716932204238
0.0,1,3,0.820169317332724,0.32209746285988644,0.9152454499017357
0.0,1,4,0.6356791406507122,0.5370233022631773,1.3859144954875897
0.0,2,0,0.4041220154138139,0.24719253326071755,0.868845640142127
0.0,2,1,0.6308899768071806,0.4764451380781828,0.8122144980567184
0.0,2,2,0.6547488452068668,0.3771960885624004,0.7511562740261732
0.0,2,3,0.7717992167026367,0.242426342810756,0.6032374590690187
0.0,2,4,0.6620269358366138,0.5655307860976929,0.8364115185725137
0.0,3,0,0.36573596169491224,0.15484103905817737,0.5296402072692109
0.0,3,1,0.558339332985616,0.35190116198140486,0.4982819105459831
0.0,3,2,0.5895152200873266,0.23017029586207316,0.466652674533836
0.0,3,3,0.6878678436215676,0.023649361529737945,0.40818100772715005
0.0,3,4,0.5277771792180131,0.3951169765867259,0.5198227949033202
0.0,4,0,0.3424305169178785,0.08289208704960285,0.38014146046713276
0.0,4,1,0.4925450349893031,0.23992633608290664,0.36146646064370197
0.0,4,2,0.5402341187175391,0.10489028487706167,0.34118925292721064
0.0,4,3,0.6166546224216622,-0.14457626892432401,0.3207909000821222
0.0,4,4,0.4257575569736522,0.25951901204769623,0.3777830614824269
0.0,5,0,0.32709517402502075,0.028938027137016174,0.3031250403938097
0.0,5,1,0.4552619418679275,0.16014518161669378,0.28921326324362867
0.0,5,2,0.5100247781873535,0.01480796870012614,0.2758282578556983
0.0,5,3,0.5595030365959272,-0.25639436186697095,0.2749427584034713
0.0,5,4,0.34345398061354016,0.14474454592933012,0.30433633469992577
0.0,6,0,0.27918895267462923,-0.044404507374695534,0.2650896532727256
0.0,6,1,0.4098304757520163,0.08938272132074183,0.25258047585529464
0.0,6,2,0.4914456609083094,-0.047798325237615326,0.24046684431106766
0.0,6,3,0.5373251965067112,-0.32826134795031464,0.24624361912597859
0.0,6,4,0.2960340652230099,0.07095253995359285,0.2640985961146946
0.0,7,0,0.2723684573721222,-0.07209477231456371,0.23800822372323666
0.0,7,1,0.36655189672010313,0.01963853539269522,0.229588698320657
0.0,7,2,0.4731775208693741,-0.09648101940477093,0.2183678250469881
0.0,7,3,0.5216133506186845,-0.37380736491049465,0.2269462129374972
0.0,7,4,0.26473535174215956,0.02591009106353117,0.23799380698814723
0.0,8,0,0.24737519201915906,-0.10901076343380238,0.22216584315175553
0.0,8,1,0.3445846044973557,-0.012408461642769791,0.21398306596760833
0.0,8,2,0.47570195031179824,-0.11824250456189969,0.20190145627613637
0.0,8,3,0.5057175297952425,-0.40143024561287766,0.21468900981301672
0.0,8,4,0.2611233704130205,0.0059767928446978775,0.2200219917363593
0.0,9,0,0.23821676644151707,-0.12789318277005446,0.20979433870769132
0.0,9,1,0.34982706530266033,-0.02398486012245594,0.20075991833662085
0.0,9,2,0.4662590385383396,-0.15412826234097945,0.1918182253061913
0.0,9,3,0.487494239323253,-0.42789706695628027,0.20696172237346133
0.0,9,4,0.23666300742485052,-0.027235114478284538,0.20823010337694187
0.0,10,0,0.22318057593137608,-0.15341045618069873,0.2005515596268524
0.0,10,1,0.3201087136411569,-0.06524089481331663,0.19301894110070186
0.0,10,2,0.46177242055243,-0.1734478132724407,0.18310699521836282
0.0,10,3,0.4816882373041355,-0.45385143478923146,0.1999436636416665
0.0,10,4,0.22788630217677916,-0.044093215623605374,0.19814878184791068
0.0,11,0,0.22206098971539068,-0.15973178223881,0.19370730794771127
0.0,11,1,0.338242742867231,-0.055427605354613455,0.18484150411384662
0.0,11,2,0.4587747495750188,-0.1910776754390079,0.1775310120943179
0.0,11,3,0.4682625273102756,-0.46309038794134955,0.1955144502512035
0.0,11,4,0.21051297944197409,-0.06777715360124019,0.19216379961858457
0.0,12,0,0.20231920060639436,-0.1902155936952816,0.18753384041159069
0.0,12,1,0.3036544219685582,-0.09366593066122486,0.17991189050667167
0.0,12,2,0.4532527400377362,-0.21264842570591716,0.17150026231110457
0.0,12,3,0.47011792968961486,-0.47906172195607616,0.18903060529878735
0.0,12,4,0.2100619836775544,-0.07911648266067421,0.18438114714014572
0.0,13,0,0.21412303581351044,-0.18854057935656332,0.18116059086559574
0.0,13,1,0.30891582778347154,-0.09319158651917314,0.1739846492674076
0.0,13,2,0.44262040484011433,-0.22839217429542602,0.16775684344107542
0.0,13,3,0.46443206715994817,-0.48407482264075136,0.18433854194599802
0.0,13,4,0.20206728908706612,-0.0904694933898193,0.17911321882985637
0.0,14,0,0.19449142346183357,-0.21060857614465242,0.1773418727050723
0.0,14,1,0.30695236846087803,-0.10318640426818114,0.16910974806731968
0.0,14,2,0.4441423583993075,-0.24028438256763496,0.16312983303174614
0.0,14,3,0.4573474158058538,-0.4949332282533957,0.1808797512246087
0.0,14,4,0.2019164738973384,-0.09655674423299336,0.17391141339941713
0.0,15,0,0.2100429794694952,-0.20148692938402318,0.17191264527412992
0.0,15,1,0.30576611209963145,-0.10904066136872441,0.16496399207348691
0.0,15,2,0.4459662686124108,-0.2449105544502461,0.15899561365305087
0.0,15,3,0.43863328152513553,-0.504023992226394,0.1792036698080066
0.0,15,4,0.21761483331015496,-0.08772827878900431,0.16875210009742578
0.0,16,0,0.19229579570074415,-0.22238038597692383,0.16852497486596235
0.0,16,1,0.2936208668307481,-0.1349839784936385,0.16152820919840385
0.0,16,2,0.4385459785765817,-0.2570020665833771,0.155700517435528
0.0,16,3,0.44796751281830555,-0.5105609068775996,0.17409093666148193
0.0,16,4,0.19627463935369333,-0.11042519822289111,0.16518335249919738
0.0,17,0,0.19294034024559698,-0.23305351130304633,0.16365224650252377
0.0,17,1,0.29700606528861484,-0.13710880440239095,0.15635113755568888
0.0,17,2,0.42071094033279477,-0.2824476780624287,0.15338651974405823
0.0,17,3,0.4387818179793197,-0.5238518252679549,0.1711016461595204
0.0,17,4,0.2087757461093366,-0.10695752366185356,0.15953442488239777
0.0,18,0,0.1936492309253275,-0.23758310646468392,0.15949432930352705
0.0,18,1,0.3009554805328932,-0.1392967475242565,0.15207814587232668
0.0,18,2,0.430125826945243,-0.29194245531380936,0.14905586688996558
0.0,18,3,0.4218327882730215,-0.5328851651468823,0.16920479888528203
0.0,18,4,0.19749991376415624,-0.12173893630845746,0.1559663475608354
0.0,19,0,0.18677556573955742,-0.2548160537092617,0.15666458807362388
0.0,19,1,0.30956984895290335,-0.13459577253177435,0.147978027209319
0.0,19,2,0.43302589853273477,-0.29390687400868126,0.14542170770681015
0.0,19,3,0.40677556755448707,-0.5465690755977188,0.16822278010705685
0.0,19,4,0.20041674645950594,-0.12751134086027982,0.1523212954551045
0.0,20,0,0.16800822060695822,-0.2755458162267544,0.15503805992407688
0.0,20,1,0.29653395198342436,-0.15393606148335592,0.14612697844769748
0.0,20,2,0.4226622506259035,-0.29967018156021547,0.14361749469979473
0.0,20,3,0.4357892402437706,-0.5390211866753108,0.16155209667432394
0.0,20,4,0.16049185291567075,-0.16564567746982353,0.15131581391862692
0.1,1,0,0.40990265587187025,0.25833472272832975,1.0573431649729887
0.1,1,1,0.6451425500017288,0.4896287078713384,0.9813145257447302
0.1,1,2,0.6738038392623551,0.41168668131994124,0.9079874280647062
0.1,1,3,0.7917318103562775,0.32347461966143937,0.7229524755890462
0.1,1,4,0.6402144819283172,0.5306672360017268,1.014969430913641
0.1,2,0,0.4302349569151218,0.26597380633128936,0.7173279557009853
0.1,2,1,0.6648772319495512,0.5088329694723384,0.6646487451031999
0.1,2,2,0.6816118177880851,0.42066019234266067,0.6178226912688439
0.1,2,3,0.7583961808084391,0.28991403621793166,0.521685440280535
0.1,2,4,0.6954239400591594,0.5938368605868255,0.6841465667173844
0.1,3,0,0.4043852103389324,0.20327519777229516,0.48168944793727153
0.1,3,1,0.620689729305996,0.43049805739437247,0.4479545203886268
0.1,3,2,0.6310981789469189,0.3186691439366944,0.4220135772445671
0.1,3,3,0.7021464076483176,0.1466729327871575,0.3711934119458831
0.1,3,4,0.6191481449906424,0.4934133734560618,0.4655672001036875
0.1,4,0,0.3833332343625361,0.14114764285225567,0.3515169537139366
0.1,4,1,0.5703366890604933,0.3430365122921072,0.3294835762201974
0.1,4,2,0.5828395310916457,0.21103264196073554,0.313220622761143
0.1,4,3,0.6410476025730745,-0.00039298783790240124,0.2891790493660943
0.1,4,4,0.5378940727005801,0.3839942478367572,0.3440029986436113
0.1,5,0,0.3698224892587892,0.08814141639032971,0.2748677917070764
0.1,5,1,0.5344396596381553,0.26728947826041827,0.2584791043034815
0.1,5,2,0.5470155083672936,0.11975768617915294,0.2484806225195772
0.1,5,3,0.5809835427779217,-0.12025247678445179,0.2416066617497208
0.1,5,4,0.45733944319699166,0.2713531459238901,0.2722823638483785
0.1,6,0,0.3267846991265506,0.010583983952439218,0.22976861391533465
0.1,6,1,0.48028849848669886,0.17913656073536346,0.21673347733762538
0.1,6,2,0.5128397570476456,0.03317012787891134,0.20881447223809718
0.1,6,3,0.542181742638104,-0.22901700636914998,0.209846702389005
0.1,6,4,0.40375547165121056,0.18631169368891837,0.22636988648270462
0.1,7,0,0.32272500232475787,-0.024953908414978174,0.1981699945984585
0.1,7,1,0.4286704658797775,0.08957075991831492,0.18986455142237468
0.1,7,2,0.4816461386511343,-0.038667200235052386,0.18356744459998034
0.1,7,3,0.5141132814165141,-0.30289557774413484,0.18837718809387752
0.1,7,4,0.3529642088436857,0.11451390179319265,0.19713286009729353
0.1,8,0,0.2983664518754881,-0.07193192475849805,0.17751048149836712
0.1,8,1,0.39538620115667644,0.032656466926150284,0.17047537095167448
0.1,8,2,0.465320394603958,-0.08576655804723791,0.16480107109400047
0.1,8,3,0.4901385594655899,-0.36057968069127594,0.1733516219865818
0.1,8,4,0.3306342364453763,0.06624894516839061,0.1754526532534799
0.1,9,0,0.278730326389176,-0.1080843388936068,0.1636867583248494
0.1,9,1,0.3996274889376154,0.009882880226588397,0.15533215734831557
0.1,9,2,0.4528193308851342,-0.1391724987668584,0.1525604278622408
0.1,9,3,0.46225986832898447,-0.404887709225968,0.16432429254997816
0.1,9,4,0.2849598662915627,0.0038700444579299617,0.16241897889572388
0.1,10,0,0.26328115966361115,-0.13954989475152887,0.15333261179349206
0.1,10,1,0.3611480532877318,-0.04709479693025213,0.1469258117199555
0.1,10,2,0.4498020142749599,-0.16643360502980042,0.14255317389343122
0.1,10,3,0.4425045429543846,-0.448604547121448,0.15791955195267315
0.1,10,4,0.28343152260789745,-0.011498806907126896,0.1509409463030924
0.1,11,0,0.2514444283375519,-0.16557860743223973,0.14529312634341066
0.1,11,1,0.37313424485208224,-0.05147339352806835,0.13753417566645734
0.1,11,2,0.4429202367785664,-0.20072709874332417,0.13548802508105218
0.1,11,3,0.42117574990035195,-0.4741672411051431,0.1525073641907064
0.1,11,4,0.2552918375366202,-0.05262492342171522,0.14333701861623438
0.1,12,0,0.22888660629889956,-0.2027157488167577,0.1403903456646129
0.1,12,1,0.3279960210123027,-0.10329064027547412,0.13412934293346565
0.1,12,2,0.44286575659460764,-0.22605773761516182,0.12998506426018136
0.1,12,3,0.4203800641392336,-0.49464142620359725,0.14744020324232326
0.1,12,4,0.24923409046683154,-0.0724200276260138,0.13712806648661638
0.1,13,0,0.24330895383033282,-0.2057030985986611,0.133502941884468
0.1,13,1,0.3446171572994813,-0.09770520071757628,0.127052554303797
0.1,13,2,0.4417410384300058,-0.2419078784636273,0.12454016299131009
0.1,13,3,0.39714458311918005,-0.5080039997742735,0.14351551610781182
0.1,13,4,0.22567215938211227,-0.10458982897942568,0.1319446230676236
0.1,14,0,0.22103647984925218,-0.22950519887834347,0.13059759465868914
0.1,14,1,0.3351502378926773,-0.11515712888220751,0.12361980574365825
0.1,14,2,0.4320671662268148,-0.26737136791475663,0.12198280978614942
0.1,14,3,0.3988887871867401,-0.5212645950945956,0.14004938194854397
0.1,14,4,0.22108137335015893,-0.11593199456549765,0.12797318722445392
0.1,15,0,0.23391851769189884,-0.2198496628764732,0.12661265545181072
0.1,15,1,0.3295643362528795,-0.12469809095607487,0.1208857239281901
0.1,15,2,0.4470647757786585,-0.2615692784532999,0.11773602892848338
0.1,15,3,0.36878109406463766,-0.5331761621281066,0.13957998785077333
0.1,15,4,0.24930258989763163,-0.0984391081161952,0.12362874279283154
0.1,16,0,0.223006714860917,-0.23590472900490675,0.1247588064151128
0.1,16,1,0.31153292023610457,-0.1577547957710715,0.119679021610538
0.1,16,2,0.43134082505814886,-0.2786240616243923,0.11683143270699516
0.1,16,3,0.3947655371097573,-0.5341918512751084,0.1351709800049842
0.1,16,4,0.2019613748319343,-0.14199536217297054,0.12305368805320502
0.1,17,0,0.21647309951069527,-0.25229502824774,0.1213209932095259
0.1,17,1,0.3154282025360859,-0.15675955855896045,0.11553724915033048
0.1,17,2,0.4188256895886934,-0.30431247480663726,0.11462939576065764
0.1,17,3,0.3767893738501883,-0.5517178278368995,0.13355042602684072
0.1,17,4,0.22899942022907382,-0.12825612731634511,0.11802692654386455
0.1,18,0,0.21449381581278615,-0.2564960711667836,0.11867958005799314
0.1,18,1,0.31851885929260865,-0.15894705545062737,0.11275930022458662
0.1,18,2,0.4181684806144407,-0.32306702922164343,0.11272611081378715
0.1,18,3,0.37301508229007385,-0.5586122230526882,0.13137500784853426
0.1,18,4,0.20016722112313037,-0.1585865570388568,0.11654060230473445
0.1,19,0,0.20125748496171839,-0.2786093937919731,0.11784625284408777
0.1,19,1,0.33761937801846564,-0.14237709731373785,0.10987924501970706
0.1,19,2,0.4409788812401144,-0.3083319197888441,0.10901433012234296
0.1,19,3,0.3415675840736886,-0.5720100744783768,0.13239328397578126
0.1,19,4,0.21650379261775346,-0.1517337689489196,0.11412520060569403
0.1,20,0,0.1806780483116556,-0.29914821786542783,0.11777074151137616
0.1,20,1,0.3249241724733709,-0.1578402930011405,0.10943016228313789
0.1,20,2,0.437051334896151,-0.30881280899670055,0.10804899724243874
0.1,20,3,0.3876040008344787,-0.5496966642608042,0.126083955357693
0.1,20,4,0.14616742815031322,-0.2133957596282553,0.11569586139565033
1.0,1,0,0.42806153222792265,0.2497299884569233,0.5012669151992067
1.0,1,1,0.6250313358278158,0.4509501818805009,0.4697145873318496
1.0,1,2,0.6370278586746992,0.34446660786274,0.4409913580131703
1.0,1,3,0.7593304960515808,0.25001534892860217,0.3609426502273618
1.0,1,4,0.5547608437338377,0.4141405162280152,0.49093418525275023
1.0,2,0,0.40236101893376974,0.20348291700431975,0.38365134173589444
1.0,2,1,0.625879186926123,0.4415774413704298,0.35666004860435063
1.0,2,2,0.6217093929646385,0.31049403271626425,0.33807854944253585
1.0,2,3,0.726740638644127,0.18690436226817608,0.2868978282715269
1.0,2,4,0.5642578769200757,0.4204089203565741,0.3733414979702767
1.0,3,0,0.3801432021350374,0.1612458975220763,0.3051478937866739
1.0,3,1,0.6085155250124579,0.4102890682758172,0.2833206853344738
1.0,3,2,0.602780912798897,0.2684279677401689,0.269694895050895
1.0,3,3,0.7001065623839658,0.12763088694105876,0.23440667439218374
1.0,3,4,0.5623555303584791,0.41400177478012196,0.2957737117846094
1.0,4,0,0.36494689846846035,0.11919129213835919,0.2472066030178022
1.0,4,1,0.5917426330513085,0.3796177571696403,0.2297124328680916
1.0,4,2,0.5852411315551446,0.22532559831717514,0.219406899203718
1.0,4,3,0.6610564303257814,0.052462280449860677,0.19808176554894175
1.0,4,4,0.5599525546958796,0.40262188180157243,0.2386165794028864
1.0,5,0,0.3657294898145754,0.0909977573938584,0.20405356344235553
1.0,5,1,0.5878389873899195,0.3549613742696536,0.18892931622653403
1.0,5,2,0.5699086092350945,0.17622865097634444,0.18225830539165055
1.0,5,3,0.6089516682049066,-0.025165119785878105,0.17323804077394464
1.0,5,4,0.525988632581117,0.3520314324378147,0.1983894850366373
1.0,6,0,0.32894342730784426,0.028657646460225505,0.17261870501027662
1.0,6,1,0.5645836748077945,0.31180799908709617,0.15872247836459388
1.0,6,2,0.5527512957457897,0.1259677001837121,0.15348835117730056
1.0,6,3,0.5626723381439708,-0.12974699833170056,0.1523353538760297
1.0,6,4,0.4897874255229044,0.2902748394794037,0.1664669982559625
1.0,7,0,0.33622156172923795,0.005704646827226824,0.14895153139406644
1.0,7,1,0.5238894384033916,0.24391380792562978,0.13891109579828215
1.0,7,2,0.5122119897692999,0.061978098861229305,0.13609580143802907
1.0,7,3,0.5431403892367948,-0.1853873719885746,0.13513737614752416
1.0,7,4,0.46736675221341745,0.2528391184164863,0.1445159744293956
1.0,8,0,0.3349498186309304,-0.01779684518599037,0.13058440267712207
1.0,8,1,0.48077375716429394,0.1774697257494957,0.12346239347931026
1.0,8,2,0.4822207982921479,0.0013286899571274859,0.12139253382849945
1.0,8,3,0.5138037591972985,-0.24888445063948209,0.12274079258812283
1.0,8,4,0.47042962457361776,0.2418649885749253,0.12601908898854686
1.0,9,0,0.2966360524341486,-0.08032540281608264,0.11766954278923465
1.0,9,1,0.5064560205703699,0.17761674427626234,0.10761217256850504
1.0,9,2,0.48265693858898623,-0.044152468103603036,0.10766951021124364
1.0,9,3,0.4615783376501029,-0.3178402263710072,0.11490984406624305
1.0,9,4,0.4141404859041002,0.16221917944433076,0.11329041110811316
1.0,10,0,0.3127351502298982,-0.09034076949668877,0.10546498327838574
1.0,10,1,0.43330310204665484,0.08455962477366283,0.10001861722495586
1.0,10,2,0.4478994042954906,-0.09408692303193027,0.09930869625600203
1.0,10,3,0.44091481442146513,-0.3820043952034717,0.10739619532666048
1.0,10,4,0.4428652104021508,0.1782682030930888,0.10075904693161317
1.0,11,0,0.27777625674517603,-0.14507476997473465,0.09769447286357143
1.0,11,1,0.4663315468632082,0.09448750008052036,0.08941017038965571
1.0,11,2,0.4451677492276452,-0.14363174488861985,0.09104462136595448
1.0,11,3,0.40129487579276396,-0.43188873154447177,0.1021851090878717
1.0,11,4,0.3803800491808019,0.09160884593232685,0.09345009727335046
1.0,12,0,0.2773716017936586,-0.17786451294253058,0.0900967639727899
1.0,12,1,0.37914832123258235,-0.013067573926251198,0.08539823973582748
1.0,12,2,0.3732801209252539,-0.2156210681616669,0.08767315808488665
1.0,12,3,0.43207337328371576,-0.46587189483368563,0.09405252162002288
1.0,12,4,0.3771721173477342,0.06668943152501763,0.08565613299574525
1.0,13,0,0.2568033390372501,-0.21888323782187158,0.08372530306049615
1.0,13,1,0.4334650781531574,0.02610782238922783,0.07620179204853186
1.0,13,2,0.41550349271004605,-0.2223978214042979,0.07886269901296415
1.0,13,3,0.3724653977941176,-0.5044218583689959,0.09085291655138505
1.0,13,4,0.3075859038691879,-0.022404832209737775,0.08045208745995912
1.0,14,0,0.2524397080344884,-0.23456224933434158,0.07855689022881311
1.0,14,1,0.37995043509633925,-0.04149509483666149,0.07306566724521678
1.0,14,2,0.38187858707910577,-0.29262658800892494,0.076279022884115
1.0,14,3,0.36343337136154313,-0.5476674784355114,0.08787500240855585
1.0,14,4,0.3255737747349948,-0.01570199861352017,0.07463059651692916
1.0,15,0,0.24703424022424716,-0.2402538567333928,0.07519327296133184
1.0,15,1,0.3918972007419759,-0.029953270825245976,0.0693312012218797
1.0,15,2,0.41727072974429935,-0.2571669044615114,0.07083688653787126
1.0,15,3,0.3079624754779695,-0.5674040050195256,0.08703069910529049
1.0,15,4,0.3956735285942748,0.03569866076609742,0.06922235474298534
1.0,16,0,0.23966699486142115,-0.278758734338321,0.0712302892165647
1.0,16,1,0.35065766837731327,-0.12575948937675002,0.06651446273914789
1.0,16,2,0.31620774957852377,-0.3551942173804501,0.07150788518086156
1.0,16,3,0.3856113768427918,-0.5911798191907276,0.08060488554930964
1.0,16,4,0.23986510431250144,-0.12542810437382243,0.06894785724814342
1.0,17,0,0.2133073378242365,-0.3216650809070879,0.0676729726457186
1.0,17,1,0.3077312534797282,-0.1647132519165933,0.06326731404748379
1.0,17,2,0.3106486703750304,-0.41671768462298237,0.06857921024629506
1.0,17,3,0.33550239545951444,-0.6407348549330236,0.08047340694174945
1.0,17,4,0.33548320236207035,-0.061174512117521423,0.06190082581674252
1.0,18,0,0.21291100370496804,-0.33083105419799436,0.06492461395825908
1.0,18,1,0.3841866536977107,-0.1021189061618118,0.058198337319377826
1.0,18,2,0.3394111627349886,-0.4360278506578308,0.06554274889828071
1.0,18,3,0.2984124478822142,-0.6466909575314953,0.0784650373619434
1.0,18,4,0.24873558760693343,-0.14555466588455854,0.06138947821533617
1.0,19,0,0.17549819279941162,-0.37726192259216346,0.06484782410174894
1.0,19,1,0.3400692676194233,-0.14663870049215455,0.057993942224956053
1.0,19,2,0.37522831624945474,-0.38914232420715517,0.06138387250114504
1.0,19,3,0.25034606045101476,-0.6693808354025048,0.07949748796867462
1.0,19,4,0.3967392400521785,-0.026297186276078896,0.056015733166937844
1.0,20,0,0.14646571199009056,-0.40900022304003014,0.06322557805278739
1.0,20,1,0.4255148732152704,-0.09715363733805367,0.05303170594424798
1.0,20,2,0.3787289146869729,-0.41864732206403926,0.05943933327514976
1.0,20,3,0.31805765851750695,-0.659707954521152,0.07357838870574948
1.0,20,4,0.059246028273682486,-0.3284344777392773,0.06164149511168113
