mu,round,local_epochs,client_i,client_j,cosine_similarity
0.0,1,5,0,1,0.21741685271263123
0.0,1,5,0,2,0.07423878461122513
0.0,1,5,0,3,0.2070569097995758
0.0,1,5,0,4,0.3273164629936218
0.0,1,5,1,2,0.6649852395057678
0.0,1,5,1,3,0.21478913724422455
0.0,1,5,1,4,0.23405347764492035
0.0,1,5,2,3,0.18809452652931213
0.0,1,5,2,4,0.41999009251594543
0.0,1,5,3,4,0.412330687046051
0.0,2,5,0,1,0.2705758512020111
0.0,2,5,0,2,0.08290303498506546
0.0,2,5,0,3,0.14708474278450012
0.0,2,5,0,4,0.38826921582221985
0.0,2,5,1,2,0.6789963841438293
0.0,2,5,1,3,0.160417377948761
0.0,2,5,1,4,0.27261146903038025
0.0,2,5,2,3,0.13125716149806976
0.0,2,5,2,4,0.47501254081726074
0.0,2,5,3,4,0.3678736388683319
0.0,3,5,0,1,0.2625892460346222
0.0,3,5,0,2,0.04628197103738785
0.0,3,5,0,3,0.01625988259911537
0.0,3,5,0,4,0.3189449608325958
0.0,3,5,1,2,0.5829215049743652
0.0,3,5,1,3,-0.0037757097743451595
0.0,3,5,1,4,0.15030714869499207
0.0,3,5,2,3,-0.032490286976099014
0.0,3,5,2,4,0.36324259638786316
0.0,3,5,3,4,0.16911672055721283
0.0,4,5,0,1,0.23470479249954224
0.0,4,5,0,2,0.01972838118672371
0.0,4,5,0,3,-0.06035804748535156
0.0,4,5,0,4,0.2644228935241699
0.0,4,5,1,2,0.5075877904891968
0.0,4,5,1,3,-0.12400887161493301
0.0,4,5,1,4,0.0801144614815712
0.0,4,5,2,3,-0.15251277387142181
0.0,4,5,2,4,0.29735684394836426
0.0,4,5,3,4,0.022951461374759674
0.0,5,5,0,1,0.2435159683227539
0.0,5,5,0,2,-0.007894386537373066
0.0,5,5,0,3,-0.11356017738580704
0.0,5,5,0,4,0.21400810778141022
0.0,5,5,1,2,0.43678319454193115
0.0,5,5,1,3,-0.193455308675766
0.0,5,5,1,4,0.024384716525673866
0.0,5,5,2,3,-0.22123654186725616
0.0,5,5,2,4,0.251230925321579
0.0,5,5,3,4,-0.07605285197496414
0.0,6,5,0,1,0.19557562470436096
0.0,6,5,0,2,-0.03884387016296387
0.0,6,5,0,3,-0.14709533751010895
0.0,6,5,0,4,0.15798263251781464
0.0,6,5,1,2,0.41113558411598206
0.0,6,5,1,3,-0.23916742205619812
0.0,6,5,1,4,-0.007312851957976818
0.0,6,5,2,3,-0.26068419218063354
0.0,6,5,2,4,0.23000553250312805
0.0,6,5,3,4,-0.12418965995311737
0.0,7,5,0,1,0.17551667988300323
0.0,7,5,0,2,-0.06094373017549515
0.0,7,5,0,3,-0.1503596305847168
0.0,7,5,0,4,0.13970986008644104
0.0,7,5,1,2,0.37152162194252014
0.0,7,5,1,3,-0.28160685300827026
0.0,7,5,1,4,-0.02309899404644966
0.0,7,5,2,3,-0.28238025307655334
0.0,7,5,2,4,0.21039776504039764
0.0,7,5,3,4,-0.1528111845254898
0.0,8,5,0,1,0.14645011723041534
0.0,8,5,0,2,-0.05959295853972435
0.0,8,5,0,3,-0.17851173877716064
0.0,8,5,0,4,0.1329088658094406
0.0,8,5,1,2,0.3510594367980957
0.0,8,5,1,3,-0.28622809052467346
0.0,8,5,1,4,-0.05572907254099846
0.0,8,5,2,3,-0.2962622046470642
0.0,8,5,2,4,0.2080240547657013
0.0,8,5,3,4,-0.16080476343631744
0.0,9,5,0,1,0.14524272084236145
0.0,9,5,0,2,-0.07842783629894257
0.0,9,5,0,3,-0.17795005440711975
0.0,9,5,0,4,0.107868492603302
0.0,9,5,1,2,0.34067243337631226
0.0,9,5,1,3,-0.2946557402610779
0.0,9,5,1,4,-0.05957616865634918
0.0,9,5,2,3,-0.318404883146286
0.0,9,5,2,4,0.19195763766765594
0.0,9,5,3,4,-0.17704060673713684
0.0,10,5,0,1,0.13036876916885376
0.0,10,5,0,2,-0.0782594159245491
0.0,10,5,0,3,-0.1875167191028595
0.0,10,5,0,4,0.07843811810016632
0.0,10,5,1,2,0.3353610932826996
0.0,10,5,1,3,-0.32720130681991577
0.0,10,5,1,4,-0.05301491171121597
0.0,10,5,2,3,-0.32827073335647583
0.0,10,5,2,4,0.1831783950328827
0.0,10,5,3,4,-0.17811691761016846
0.0,11,5,0,1,0.1463979035615921
0.0,11,5,0,2,-0.10199083387851715
0.0,11,5,0,3,-0.19155912101268768
0.0,11,5,0,4,0.0997871533036232
0.0,11,5,1,2,0.32185977697372437
0.0,11,5,1,3,-0.316031277179718
0.0,11,5,1,4,-0.06244732066988945
0.0,11,5,2,3,-0.3310444951057434
0.0,11,5,2,4,0.1731058657169342
0.0,11,5,3,4,-0.20354978740215302
0.0,12,5,0,1,0.10357873886823654
0.0,12,5,0,2,-0.10747124999761581
0.0,12,5,0,3,-0.19834449887275696
0.0,12,5,0,4,0.09686373174190521
0.0,12,5,1,2,0.32461291551589966
0.0,12,5,1,3,-0.3320043385028839
0.0,12,5,1,4,-0.08462873101234436
0.0,12,5,2,3,-0.33879363536834717
0.0,12,5,2,4,0.1493036150932312
0.0,12,5,3,4,-0.1879814863204956
0.0,13,5,0,1,0.11532162874937057
0.0,13,5,0,2,-0.10802295804023743
0.0,13,5,0,3,-0.19352366030216217
0.0,13,5,0,4,0.07492819428443909
0.0,13,5,1,2,0.31619685888290405
0.0,13,5,1,3,-0.33259132504463196
0.0,13,5,1,4,-0.08383482694625854
0.0,13,5,2,3,-0.34767434000968933
0.0,13,5,2,4,0.1340283751487732
0.0,13,5,3,4,-0.18150408565998077
0.0,14,5,0,1,0.11591991037130356
0.0,14,5,0,2,-0.11465399712324142
0.0,14,5,0,3,-0.20936308801174164
0.0,14,5,0,4,0.06667329370975494
0.0,14,5,1,2,0.3109529912471771
0.0,14,5,1,3,-0.3371575176715851
0.0,14,5,1,4,-0.09385322034358978
0.0,14,5,2,3,-0.35074833035469055
0.0,14,5,2,4,0.12351726740598679
0.0,14,5,3,4,-0.1724781095981598
0.0,15,5,0,1,0.09825581312179565
0.0,15,5,0,2,-0.10929248481988907
0.0,15,5,0,3,-0.1971384435892105
0.0,15,5,0,4,0.0720972791314125
0.0,15,5,1,2,0.3019193708896637
0.0,15,5,1,3,-0.3329053223133087
0.0,15,5,1,4,-0.08939193189144135
0.0,15,5,2,3,-0.3681088089942932
0.0,15,5,2,4,0.1630866527557373
0.0,15,5,3,4,-0.19576528668403625
0.0,16,5,0,1,0.10251740366220474
0.0,16,5,0,2,-0.13011544942855835
0.0,16,5,0,3,-0.2065991312265396
0.0,16,5,0,4,0.0756833627820015
0.0,16,5,1,2,0.31177306175231934
0.0,16,5,1,3,-0.358722448348999
0.0,16,5,1,4,-0.10810093581676483
0.0,16,5,2,3,-0.3562690317630768
0.0,16,5,2,4,0.10397122800350189
0.0,16,5,3,4,-0.16863268613815308
0.0,17,5,0,1,0.1083817258477211
0.0,17,5,0,2,-0.14162014424800873
0.0,17,5,0,3,-0.2056441605091095
0.0,17,5,0,4,0.062493424862623215
0.0,17,5,1,2,0.292283833026886
0.0,17,5,1,3,-0.34875163435935974
0.0,17,5,1,4,-0.10781656950712204
0.0,17,5,2,3,-0.37659621238708496
0.0,17,5,2,4,0.13196176290512085
0.0,17,5,3,4,-0.1779804527759552
0.0,18,5,0,1,0.10574834793806076
0.0,18,5,0,2,-0.14016354084014893
0.0,18,5,0,3,-0.20896880328655243
0.0,18,5,0,4,0.06423552334308624
0.0,18,5,1,2,0.29439690709114075
0.0,18,5,1,3,-0.3553638756275177
0.0,18,5,1,4,-0.10997600108385086
0.0,18,5,2,3,-0.38075247406959534
0.0,18,5,2,4,0.11058367043733597
0.0,18,5,3,4,-0.1795661598443985
0.0,19,5,0,1,0.10887082666158676
0.0,19,5,0,2,-0.14965957403182983
0.0,19,5,0,3,-0.21733631193637848
0.0,19,5,0,4,0.054041847586631775
0.0,19,5,1,2,0.2995699346065521
0.0,19,5,1,3,-0.36405572295188904
0.0,19,5,1,4,-0.07743646949529648
0.0,19,5,2,3,-0.3829852342605591
0.0,19,5,2,4,0.1294422149658203
0.0,19,5,3,4,-0.20736420154571533
0.0,20,5,0,1,0.1050691306591034
0.0,20,5,0,2,-0.17235711216926575
0.0,20,5,0,3,-0.22122833132743835
0.0,20,5,0,4,0.050229769200086594
0.0,20,5,1,2,0.30063703656196594
0.0,20,5,1,3,-0.369975209236145
0.0,20,5,1,4,-0.10557567328214645
0.0,20,5,2,3,-0.35645222663879395
0.0,20,5,2,4,0.06055738031864166
0.0,20,5,3,4,-0.18209679424762726
0.1,1,5,0,1,0.2213619500398636
0.1,1,5,0,2,0.06824298202991486
0.1,1,5,0,3,0.2080179899930954
0.1,1,5,0,4,0.32416650652885437
0.1,1,5,1,2,0.68463534116745
0.1,1,5,1,3,0.21099840104579926
0.1,1,5,1,4,0.22945667803287506
0.1,1,5,2,3,0.18728354573249817
0.1,1,5,2,4,0.4104399085044861
0.1,1,5,3,4,0.40834009647369385
0.1,2,5,0,1,0.26419833302497864
0.1,2,5,0,2,0.07251928001642227
0.1,2,5,0,3,0.18065997958183289
0.1,2,5,0,4,0.3870830535888672
0.1,2,5,1,2,0.7015575170516968
0.1,2,5,1,3,0.19070276618003845
0.1,2,5,1,4,0.28173238039016724
0.1,2,5,2,3,0.15863798558712006
0.1,2,5,2,4,0.4874008297920227
0.1,2,5,3,4,0.4108448326587677
0.1,3,5,0,1,0.2536435127258301
0.1,3,5,0,2,0.03837784007191658
0.1,3,5,0,3,0.08932428807020187
0.1,3,5,0,4,0.344290554523468
0.1,3,5,1,2,0.6391395926475525
0.1,3,5,1,3,0.0831284373998642
0.1,3,5,1,4,0.19162632524967194
0.1,3,5,2,3,0.041001494973897934
0.1,3,5,2,4,0.4053538143634796
0.1,3,5,3,4,0.29204997420310974
0.1,4,5,0,1,0.2271154373884201
0.1,4,5,0,2,0.010097337886691093
0.1,4,5,0,3,0.016674363985657692
0.1,4,5,0,4,0.29616403579711914
0.1,4,5,1,2,0.5795221924781799
0.1,4,5,1,3,-0.023637913167476654
0.1,4,5,1,4,0.11682401597499847
0.1,4,5,2,3,-0.07266312092542648
0.1,4,5,2,4,0.3353618383407593
0.1,4,5,3,4,0.16815654933452606
0.1,5,5,0,1,0.24325840175151825
0.1,5,5,0,2,-0.02294200472533703
0.1,5,5,0,3,-0.04627508297562599
0.1,5,5,0,4,0.2464253455400467
0.1,5,5,1,2,0.5050358772277832
0.1,5,5,1,3,-0.10319297760725021
0.1,5,5,1,4,0.045222505927085876
0.1,5,5,2,3,-0.1498914361000061
0.1,5,5,2,4,0.28037503361701965
0.1,5,5,3,4,0.060656651854515076
0.1,6,5,0,1,0.19180582463741302
0.1,6,5,0,2,-0.06026560813188553
0.1,6,5,0,3,-0.08933747559785843
0.1,6,5,0,4,0.1902201920747757
0.1,6,5,1,2,0.4767860770225525
0.1,6,5,1,3,-0.18071068823337555
0.1,6,5,1,4,0.0074585299007594585
0.1,6,5,2,3,-0.2218061238527298
0.1,6,5,2,4,0.2555338144302368
0.1,6,5,3,4,-0.017474014312028885
0.1,7,5,0,1,0.17767205834388733
0.1,7,5,0,2,-0.08885293453931808
0.1,7,5,0,3,-0.1006917729973793
0.1,7,5,0,4,0.16185353696346283
0.1,7,5,1,2,0.4218018651008606
0.1,7,5,1,3,-0.24361388385295868
0.1,7,5,1,4,-0.02486295998096466
0.1,7,5,2,3,-0.2618648111820221
0.1,7,5,2,4,0.22983039915561676
0.1,7,5,3,4,-0.07379790395498276
0.1,8,5,0,1,0.14038796722888947
0.1,8,5,0,2,-0.08624839037656784
0.1,8,5,0,3,-0.1406157910823822
0.1,8,5,0,4,0.16001874208450317
0.1,8,5,1,2,0.3957624137401581
0.1,8,5,1,3,-0.2601848244667053
0.1,8,5,1,4,-0.07706394046545029
0.1,8,5,2,3,-0.299600750207901
0.1,8,5,2,4,0.218952476978302
0.1,8,5,3,4,-0.1045907735824585
0.1,9,5,0,1,0.1366703063249588
0.1,9,5,0,2,-0.11444832384586334
0.1,9,5,0,3,-0.14572744071483612
0.1,9,5,0,4,0.11718633025884628
0.1,9,5,1,2,0.3700244426727295
0.1,9,5,1,3,-0.2709583640098572
0.1,9,5,1,4,-0.09094443172216415
0.1,9,5,2,3,-0.33032816648483276
0.1,9,5,2,4,0.20063087344169617
0.1,9,5,3,4,-0.14230552315711975
0.1,10,5,0,1,0.11785533279180527
0.1,10,5,0,2,-0.11369502544403076
0.1,10,5,0,3,-0.15529300272464752
0.1,10,5,0,4,0.07878093421459198
0.1,10,5,1,2,0.37056851387023926
0.1,10,5,1,3,-0.3262025713920593
0.1,10,5,1,4,-0.07601580023765564
0.1,10,5,2,3,-0.35301676392555237
0.1,10,5,2,4,0.20252183079719543
0.1,10,5,3,4,-0.14934475719928741
0.1,11,5,0,1,0.13759030401706696
0.1,11,5,0,2,-0.14436133205890656
0.1,11,5,0,3,-0.17568524181842804
0.1,11,5,0,4,0.09746880829334259
0.1,11,5,1,2,0.3368637263774872
0.1,11,5,1,3,-0.31684404611587524
0.1,11,5,1,4,-0.09027870744466782
0.1,11,5,2,3,-0.3570614755153656
0.1,11,5,2,4,0.19281335175037384
0.1,11,5,3,4,-0.19141313433647156
0.1,12,5,0,1,0.08429601788520813
0.1,12,5,0,2,-0.15324029326438904
0.1,12,5,0,3,-0.17927314341068268
0.1,12,5,0,4,0.09467623382806778
0.1,12,5,1,2,0.3445831537246704
0.1,12,5,1,3,-0.34380456805229187
0.1,12,5,1,4,-0.11456519365310669
0.1,12,5,2,3,-0.36278045177459717
0.1,12,5,2,4,0.15932394564151764
0.1,12,5,3,4,-0.17715959250926971
0.1,13,5,0,1,0.09754984825849533
0.1,13,5,0,2,-0.14399054646492004
0.1,13,5,0,3,-0.18151497840881348
0.1,13,5,0,4,0.059914350509643555
0.1,13,5,1,2,0.33639445900917053
0.1,13,5,1,3,-0.3424686789512634
0.1,13,5,1,4,-0.1165643110871315
0.1,13,5,2,3,-0.3758951723575592
0.1,13,5,2,4,0.1418272852897644
0.1,13,5,3,4,-0.18404202163219452
0.1,14,5,0,1,0.10234127193689346
0.1,14,5,0,2,-0.15820100903511047
0.1,14,5,0,3,-0.19162006676197052
0.1,14,5,0,4,0.048552464693784714
0.1,14,5,1,2,0.3230610191822052
0.1,14,5,1,3,-0.34783631563186646
0.1,14,5,1,4,-0.12609095871448517
0.1,14,5,2,3,-0.3815777599811554
0.1,14,5,2,4,0.12984588742256165
0.1,14,5,3,4,-0.1754852682352066
0.1,15,5,0,1,0.07321123778820038
0.1,15,5,0,2,-0.14627793431282043
0.1,15,5,0,3,-0.17818477749824524
0.1,15,5,0,4,0.05512279272079468
0.1,15,5,1,2,0.31024807691574097
0.1,15,5,1,3,-0.3414030373096466
0.1,15,5,1,4,-0.11542914062738419
0.1,15,5,2,3,-0.40231195092201233
0.1,15,5,2,4,0.19947004318237305
0.1,15,5,3,4,-0.2163873016834259
0.1,16,5,0,1,0.08071519434452057
0.1,16,5,0,2,-0.17328494787216187
0.1,16,5,0,3,-0.17965663969516754
0.1,16,5,0,4,0.062159691005945206
0.1,16,5,1,2,0.3216174244880676
0.1,16,5,1,3,-0.3712994158267975
0.1,16,5,1,4,-0.14502398669719696
0.1,16,5,2,3,-0.37909331917762756
0.1,16,5,2,4,0.11284907907247543
0.1,16,5,3,4,-0.18463356792926788
0.1,17,5,0,1,0.08580995351076126
0.1,17,5,0,2,-0.17300957441329956
0.1,17,5,0,3,-0.18851853907108307
0.1,17,5,0,4,0.041304636746644974
0.1,17,5,1,2,0.2999317944049835
0.1,17,5,1,3,-0.3574184477329254
0.1,17,5,1,4,-0.1408447027206421
0.1,17,5,2,3,-0.40793538093566895
0.1,17,5,2,4,0.1557786613702774
0.1,17,5,3,4,-0.19214652478694916
0.1,18,5,0,1,0.08168559521436691
0.1,18,5,0,2,-0.17228150367736816
0.1,18,5,0,3,-0.1885785311460495
0.1,18,5,0,4,0.04465511068701744
0.1,18,5,1,2,0.30122068524360657
0.1,18,5,1,3,-0.3593195378780365
0.1,18,5,1,4,-0.1457367092370987
0.1,18,5,2,3,-0.4100320637226105
0.1,18,5,2,4,0.10844167321920395
0.1,18,5,3,4,-0.18923264741897583
0.1,19,5,0,1,0.0737418606877327
0.1,19,5,0,2,-0.1815812885761261
0.1,19,5,0,3,-0.19820329546928406
0.1,19,5,0,4,0.03128563240170479
0.1,19,5,1,2,0.3189692795276642
0.1,19,5,1,3,-0.37275397777557373
0.1,19,5,1,4,-0.09009683132171631
0.1,19,5,2,3,-0.408195436000824
0.1,19,5,2,4,0.14554879069328308
0.1,19,5,3,4,-0.2296559363603592
0.1,20,5,0,1,0.08604463189840317
0.1,20,5,0,2,-0.2080221027135849
0.1,20,5,0,3,-0.20611657202243805
0.1,20,5,0,4,0.020082592964172363
0.1,20,5,1,2,0.30669596791267395
0.1,20,5,1,3,-0.3679482638835907
0.1,20,5,1,4,-0.14090588688850403
0.1,20,5,2,3,-0.35619187355041504
0.1,20,5,2,4,0.0491492860019207
0.1,20,5,3,4,-0.19578775763511658
1.0,1,5,0,1,0.23846398293972015
1.0,1,5,0,2,0.054130230098962784
1.0,1,5,0,3,0.19648322463035583
1.0,1,5,0,4,0.24247145652770996
1.0,1,5,1,2,0.6510308980941772
1.0,1,5,1,3,0.15565404295921326
1.0,1,5,1,4,0.14338745176792145
1.0,1,5,2,3,0.11025598645210266
1.0,1,5,2,4,0.32311761379241943
1.0,1,5,3,4,0.310776948928833
1.0,2,5,0,1,0.23153847455978394
1.0,2,5,0,2,-0.002016267739236355
1.0,2,5,0,3,0.14091281592845917
1.0,2,5,0,4,0.2804948091506958
1.0,2,5,1,2,0.6610924601554871
1.0,2,5,1,3,0.11814658343791962
1.0,2,5,1,4,0.12349383533000946
1.0,2,5,2,3,0.05728544667363167
1.0,2,5,2,4,0.34181272983551025
1.0,2,5,3,4,0.2820165753364563
1.0,3,5,0,1,0.21325236558914185
1.0,3,5,0,2,-0.03895077854394913
1.0,3,5,0,3,0.09612282365560532
1.0,3,5,0,4,0.289031445980072
1.0,3,5,1,2,0.6456307768821716
1.0,3,5,1,3,0.07176884263753891
1.0,3,5,1,4,0.10145813971757889
1.0,3,5,2,3,0.010272441431879997
1.0,3,5,2,4,0.3362569212913513
1.0,3,5,3,4,0.25721147656440735
1.0,4,5,0,1,0.17471401393413544
1.0,4,5,0,2,-0.05876019597053528
1.0,4,5,0,3,0.051517535001039505
1.0,4,5,0,4,0.2941676378250122
1.0,4,5,1,2,0.6467434167861938
1.0,4,5,1,3,0.018657078966498375
1.0,4,5,1,4,0.09068887680768967
1.0,4,5,2,3,-0.051207467913627625
1.0,4,5,2,4,0.3348081409931183
1.0,4,5,3,4,0.2141508311033249
1.0,5,5,0,1,0.22236180305480957
1.0,5,5,0,2,-0.08260448276996613
1.0,5,5,0,3,-0.004296665079891682
1.0,5,5,0,4,0.29236793518066406
1.0,5,5,1,2,0.5810893177986145
1.0,5,5,1,3,-0.016997290775179863
1.0,5,5,1,4,0.04731011018157005
1.0,5,5,2,3,-0.09784677624702454
1.0,5,5,2,4,0.33347439765930176
1.0,5,5,3,4,0.1328335851430893
1.0,6,5,0,1,0.18242397904396057
1.0,6,5,0,2,-0.1210772767663002
1.0,6,5,0,3,-0.03993367403745651
1.0,6,5,0,4,0.24140506982803345
1.0,6,5,1,2,0.6241830587387085
1.0,6,5,1,3,-0.10936662554740906
1.0,6,5,1,4,0.045241426676511765
1.0,6,5,2,3,-0.16912783682346344
1.0,6,5,2,4,0.32171115279197693
1.0,6,5,3,4,0.051451198756694794
1.0,7,5,0,1,0.2036382257938385
1.0,7,5,0,2,-0.14598406851291656
1.0,7,5,0,3,-0.06532999873161316
1.0,7,5,0,4,0.23329539597034454
1.0,7,5,1,2,0.5561825633049011
1.0,7,5,1,3,-0.1626579463481903
1.0,7,5,1,4,0.024333534762263298
1.0,7,5,2,3,-0.198185995221138
1.0,7,5,2,4,0.2896006107330322
1.0,7,5,3,4,0.019129572436213493
1.0,8,5,0,1,0.16412004828453064
1.0,8,5,0,2,-0.13184933364391327
1.0,8,5,0,3,-0.09882450848817825
1.0,8,5,0,4,0.2645649015903473
1.0,8,5,1,2,0.5202385187149048
1.0,8,5,1,3,-0.186289981007576
1.0,8,5,1,4,-0.0522221177816391
1.0,8,5,2,3,-0.2634371519088745
1.0,8,5,2,4,0.2919118106365204
1.0,8,5,3,4,0.0045373872853815556
1.0,9,5,0,1,0.1914873719215393
1.0,9,5,0,2,-0.1736152172088623
1.0,9,5,0,3,-0.132568821310997
1.0,9,5,0,4,0.1776624172925949
1.0,9,5,1,2,0.509397029876709
1.0,9,5,1,3,-0.21782228350639343
1.0,9,5,1,4,-0.06115288659930229
1.0,9,5,2,3,-0.29991012811660767
1.0,9,5,2,4,0.283783495426178
1.0,9,5,3,4,-0.0569705031812191
1.0,10,5,0,1,0.14345267415046692
1.0,10,5,0,2,-0.1661117672920227
1.0,10,5,0,3,-0.12010128796100616
1.0,10,5,0,4,0.17331001162528992
1.0,10,5,1,2,0.5259458422660828
1.0,10,5,1,3,-0.30773696303367615
1.0,10,5,1,4,-0.03884560987353325
1.0,10,5,2,3,-0.3618724048137665
1.0,10,5,2,4,0.3134763240814209
1.0,10,5,3,4,-0.07356685400009155
1.0,11,5,0,1,0.18520891666412354
1.0,11,5,0,2,-0.19781494140625
1.0,11,5,0,3,-0.18589505553245544
1.0,11,5,0,4,0.19718272984027863
1.0,11,5,1,2,0.4605133533477783
1.0,11,5,1,3,-0.2800776958465576
1.0,11,5,1,4,-0.07853864878416061
1.0,11,5,2,3,-0.3633976876735687
1.0,11,5,2,4,0.27761414647102356
1.0,11,5,3,4,-0.1513277292251587
1.0,12,5,0,1,0.13504816591739655
1.0,12,5,0,2,-0.24398767948150635
1.0,12,5,0,3,-0.16063931584358215
1.0,12,5,0,4,0.1911018043756485
1.0,12,5,1,2,0.46039706468582153
1.0,12,5,1,3,-0.33127573132514954
1.0,12,5,1,4,-0.12289292365312576
1.0,12,5,2,3,-0.3946261405944824
1.0,12,5,2,4,0.26309463381767273
1.0,12,5,3,4,-0.14148758351802826
1.0,13,5,0,1,0.1551588624715805
1.0,13,5,0,2,-0.22049197554588318
1.0,13,5,0,3,-0.2016720026731491
1.0,13,5,0,4,0.12591154873371124
1.0,13,5,1,2,0.5047329068183899
1.0,13,5,1,3,-0.35498398542404175
1.0,13,5,1,4,-0.12075338512659073
1.0,13,5,2,3,-0.40204769372940063
1.0,13,5,2,4,0.17559178173542023
1.0,13,5,3,4,-0.15399615466594696
1.0,14,5,0,1,0.15874351561069489
1.0,14,5,0,2,-0.23602478206157684
1.0,14,5,0,3,-0.1950969696044922
1.0,14,5,0,4,0.13768328726291656
1.0,14,5,1,2,0.45463451743125916
1.0,14,5,1,3,-0.3839573860168457
1.0,14,5,1,4,-0.12946145236492157
1.0,14,5,2,3,-0.44339749217033386
1.0,14,5,2,4,0.21498337388038635
1.0,14,5,3,4,-0.17517884075641632
1.0,15,5,0,1,0.11400461196899414
1.0,15,5,0,2,-0.2117331475019455
1.0,15,5,0,3,-0.20303180813789368
1.0,15,5,0,4,0.130989208817482
1.0,15,5,1,2,0.45862674713134766
1.0,15,5,1,3,-0.36514100432395935
1.0,15,5,1,4,-0.09241457283496857
1.0,15,5,2,3,-0.48020070791244507
1.0,15,5,2,4,0.3625468313694
1.0,15,5,3,4,-0.2399100661277771
1.0,16,5,0,1,0.13098247349262238
1.0,16,5,0,2,-0.2746201753616333
1.0,16,5,0,3,-0.19239459931850433
1.0,16,5,0,4,0.12920859456062317
1.0,16,5,1,2,0.45740124583244324
1.0,16,5,1,3,-0.40684130787849426
1.0,16,5,1,4,-0.1779051274061203
1.0,16,5,2,3,-0.46097108721733093
1.0,16,5,2,4,0.15870751440525055
1.0,16,5,3,4,-0.2015288919210434
1.0,17,5,0,1,0.14523519575595856
1.0,17,5,0,2,-0.2627488076686859
1.0,17,5,0,3,-0.22136925160884857
1.0,17,5,0,4,0.11379382759332657
1.0,17,5,1,2,0.39188677072525024
1.0,17,5,1,3,-0.41402947902679443
1.0,17,5,1,4,-0.16826185584068298
1.0,17,5,2,3,-0.5185847878456116
1.0,17,5,2,4,0.2704318165779114
1.0,17,5,3,4,-0.21673785150051117
1.0,18,5,0,1,0.14228759706020355
1.0,18,5,0,2,-0.2723764181137085
1.0,18,5,0,3,-0.21534301340579987
1.0,18,5,0,4,0.11353148519992828
1.0,18,5,1,2,0.42180266976356506
1.0,18,5,1,3,-0.4095272719860077
1.0,18,5,1,4,-0.14214055240154266
1.0,18,5,2,3,-0.5083855390548706
1.0,18,5,2,4,0.14469772577285767
1.0,18,5,3,4,-0.22799842059612274
1.0,19,5,0,1,0.029439395293593407
1.0,19,5,0,2,-0.3058711886405945
1.0,19,5,0,3,-0.20212922990322113
1.0,19,5,0,4,0.11003012955188751
1.0,19,5,1,2,0.545738697052002
1.0,19,5,1,3,-0.5168502926826477
1.0,19,5,1,4,0.012828171253204346
1.0,19,5,2,3,-0.5207059383392334
1.0,19,5,2,4,0.2558535039424896
1.0,19,5,3,4,-0.25824517011642456
1.0,20,5,0,1,0.16934463381767273
1.0,20,5,0,2,-0.31760457158088684
1.0,20,5,0,3,-0.24730738997459412
1.0,20,5,0,4,0.02432083711028099
1.0,20,5,1,2,0.47009482979774475
1.0,20,5,1,3,-0.43164992332458496
1.0,20,5,1,4,-0.17299699783325195
1.0,20,5,2,3,-0.43766090273857117
1.0,20,5,2,4,0.055536676198244095
1.0,20,5,3,4,-0.2758331298828125
