seed,alpha,mu,round,local_epochs,client_i,client_j,cosine_similarity
42,0.1,0.0,1,5,0,1,0.2413562536239624
42,0.1,0.0,1,5,0,2,0.07429556548595428
42,0.1,0.0,1,5,0,3,0.2296464890241623
42,0.1,0.0,1,5,0,4,0.3657958209514618
42,0.1,0.0,1,5,1,2,0.7101113796234131
42,0.1,0.0,1,5,1,3,0.2691541314125061
42,0.1,0.0,1,5,1,4,0.3250502049922943
42,0.1,0.0,1,5,2,3,0.23857368528842926
42,0.1,0.0,1,5,2,4,0.5203602313995361
42,0.1,0.0,1,5,3,4,0.4269777536392212
42,0.1,0.0,2,5,0,1,0.2671622335910797
42,0.1,0.0,2,5,0,2,0.04442617669701576
42,0.1,0.0,2,5,0,3,0.05334453657269478
42,0.1,0.0,2,5,0,4,0.32657620310783386
42,0.1,0.0,2,5,1,2,0.6302983164787292
42,0.1,0.0,2,5,1,3,0.05275005102157593
42,0.1,0.0,2,5,1,4,0.21189646422863007
42,0.1,0.0,2,5,2,3,0.021835893392562866
42,0.1,0.0,2,5,2,4,0.427574098110199
42,0.1,0.0,2,5,3,4,0.23437900841236115
42,0.1,0.0,3,5,0,1,0.26762720942497253
42,0.1,0.0,3,5,0,2,-0.0039232391864061356
42,0.1,0.0,3,5,0,3,-0.061324819922447205
42,0.1,0.0,3,5,0,4,0.2526002824306488
42,0.1,0.0,3,5,1,2,0.5226365923881531
42,0.1,0.0,3,5,1,3,-0.1278386265039444
42,0.1,0.0,3,5,1,4,0.07465410977602005
42,0.1,0.0,3,5,2,3,-0.15398423373699188
42,0.1,0.0,3,5,2,4,0.3059779405593872
42,0.1,0.0,3,5,3,4,0.029806150123476982
42,0.1,0.0,4,5,0,1,0.23416459560394287
42,0.1,0.0,4,5,0,2,-0.043071359395980835
42,0.1,0.0,4,5,0,3,-0.1301439106464386
42,0.1,0.0,4,5,0,4,0.22048000991344452
42,0.1,0.0,4,5,1,2,0.464809775352478
42,0.1,0.0,4,5,1,3,-0.2349039912223816
42,0.1,0.0,4,5,1,4,0.017936505377292633
42,0.1,0.0,4,5,2,3,-0.2504013776779175
42,0.1,0.0,4,5,2,4,0.26612505316734314
42,0.1,0.0,4,5,3,4,-0.08943139016628265
42,0.1,0.0,5,5,0,1,0.21033519506454468
42,0.1,0.0,5,5,0,2,-0.0685783177614212
42,0.1,0.0,5,5,0,3,-0.1672896146774292
42,0.1,0.0,5,5,0,4,0.1846151500940323
42,0.1,0.0,5,5,1,2,0.4211856424808502
42,0.1,0.0,5,5,1,3,-0.2942034900188446
42,0.1,0.0,5,5,1,4,-0.028729433193802834
42,0.1,0.0,5,5,2,3,-0.31219756603240967
42,0.1,0.0,5,5,2,4,0.23569144308567047
42,0.1,0.0,5,5,3,4,-0.14460985362529755
42,0.1,0.0,6,5,0,1,0.18719317018985748
42,0.1,0.0,6,5,0,2,-0.09764604270458221
42,0.1,0.0,6,5,0,3,-0.18465545773506165
42,0.1,0.0,6,5,0,4,0.15810877084732056
42,0.1,0.0,6,5,1,2,0.39832672476768494
42,0.1,0.0,6,5,1,3,-0.3332631289958954
42,0.1,0.0,6,5,1,4,-0.05355473980307579
42,0.1,0.0,6,5,2,3,-0.34359291195869446
42,0.1,0.0,6,5,2,4,0.20812545716762543
42,0.1,0.0,6,5,3,4,-0.1736302226781845
42,0.1,0.0,7,5,0,1,0.15092258155345917
42,0.1,0.0,7,5,0,2,-0.11623918265104294
42,0.1,0.0,7,5,0,3,-0.19875670969486237
42,0.1,0.0,7,5,0,4,0.15018804371356964
42,0.1,0.0,7,5,1,2,0.3776319921016693
42,0.1,0.0,7,5,1,3,-0.34742674231529236
42,0.1,0.0,7,5,1,4,-0.08307470381259918
42,0.1,0.0,7,5,2,3,-0.3657272756099701
42,0.1,0.0,7,5,2,4,0.1939084529876709
42,0.1,0.0,7,5,3,4,-0.18507465720176697
42,0.1,0.0,8,5,0,1,0.12979969382286072
42,0.1,0.0,8,5,0,2,-0.13210605084896088
42,0.1,0.0,8,5,0,3,-0.206329345703125
42,0.1,0.0,8,5,0,4,0.14192263782024384
42,0.1,0.0,8,5,1,2,0.3895812928676605
42,0.1,0.0,8,5,1,3,-0.3723914623260498
42,0.1,0.0,8,5,1,4,-0.06761234998703003
42,0.1,0.0,8,5,2,3,-0.391699880361557
42,0.1,0.0,8,5,2,4,0.19527076184749603
42,0.1,0.0,8,5,3,4,-0.21717724204063416
42,0.1,0.0,9,5,0,1,0.13247054815292358
42,0.1,0.0,9,5,0,2,-0.14807839691638947
42,0.1,0.0,9,5,0,3,-0.21643765270709991
42,0.1,0.0,9,5,0,4,0.13310936093330383
42,0.1,0.0,9,5,1,2,0.3593358099460602
42,0.1,0.0,9,5,1,3,-0.36741870641708374
42,0.1,0.0,9,5,1,4,-0.09614566713571548
42,0.1,0.0,9,5,2,3,-0.40524786710739136
42,0.1,0.0,9,5,2,4,0.17126306891441345
42,0.1,0.0,9,5,3,4,-0.21174368262290955
42,0.1,0.0,10,5,0,1,0.11896307021379471
42,0.1,0.0,10,5,0,2,-0.16007652878761292
42,0.1,0.0,10,5,0,3,-0.22087837755680084
42,0.1,0.0,10,5,0,4,0.1285850703716278
42,0.1,0.0,10,5,1,2,0.3583334684371948
42,0.1,0.0,10,5,1,3,-0.38822048902511597
42,0.1,0.0,10,5,1,4,-0.1092672199010849
42,0.1,0.0,10,5,2,3,-0.4130779206752777
42,0.1,0.0,10,5,2,4,0.14504393935203552
42,0.1,0.0,10,5,3,4,-0.20283198356628418
42,0.1,0.0,11,5,0,1,0.11731234937906265
42,0.1,0.0,11,5,0,2,-0.14984695613384247
42,0.1,0.0,11,5,0,3,-0.2496284693479538
42,0.1,0.0,11,5,0,4,0.1336745023727417
42,0.1,0.0,11,5,1,2,0.3482148051261902
42,0.1,0.0,11,5,1,3,-0.382610023021698
42,0.1,0.0,11,5,1,4,-0.11069102585315704
42,0.1,0.0,11,5,2,3,-0.4312670826911926
42,0.1,0.0,11,5,2,4,0.1494857370853424
42,0.1,0.0,11,5,3,4,-0.2161041498184204
42,0.1,0.0,12,5,0,1,0.1298634111881256
42,0.1,0.0,12,5,0,2,-0.16833706200122833
42,0.1,0.0,12,5,0,3,-0.23158153891563416
42,0.1,0.0,12,5,0,4,0.12013914436101913
42,0.1,0.0,12,5,1,2,0.3473025858402252
42,0.1,0.0,12,5,1,3,-0.406666100025177
42,0.1,0.0,12,5,1,4,-0.09921101480722427
42,0.1,0.0,12,5,2,3,-0.45248308777809143
42,0.1,0.0,12,5,2,4,0.16484324634075165
42,0.1,0.0,12,5,3,4,-0.2323504090309143
42,0.1,0.0,13,5,0,1,0.06659365445375443
42,0.1,0.0,13,5,0,2,-0.15047195553779602
42,0.1,0.0,13,5,0,3,-0.2432059347629547
42,0.1,0.0,13,5,0,4,0.1376473754644394
42,0.1,0.0,13,5,1,2,0.3478466868400574
42,0.1,0.0,13,5,1,3,-0.42089688777923584
42,0.1,0.0,13,5,1,4,-0.11575816571712494
42,0.1,0.0,13,5,2,3,-0.4590214490890503
42,0.1,0.0,13,5,2,4,0.14839670062065125
42,0.1,0.0,13,5,3,4,-0.21179305016994476
42,0.1,0.0,14,5,0,1,0.12259446829557419
42,0.1,0.0,14,5,0,2,-0.1819295734167099
42,0.1,0.0,14,5,0,3,-0.24119892716407776
42,0.1,0.0,14,5,0,4,0.12895676493644714
42,0.1,0.0,14,5,1,2,0.34737056493759155
42,0.1,0.0,14,5,1,3,-0.41477349400520325
42,0.1,0.0,14,5,1,4,-0.10688243061304092
42,0.1,0.0,14,5,2,3,-0.4701656997203827
42,0.1,0.0,14,5,2,4,0.13027001917362213
42,0.1,0.0,14,5,3,4,-0.24527575075626373
42,0.1,0.0,15,5,0,1,0.11118722707033157
42,0.1,0.0,15,5,0,2,-0.1814899891614914
42,0.1,0.0,15,5,0,3,-0.2611237168312073
42,0.1,0.0,15,5,0,4,0.13090093433856964
42,0.1,0.0,15,5,1,2,0.339850515127182
42,0.1,0.0,15,5,1,3,-0.41475871205329895
42,0.1,0.0,15,5,1,4,-0.13194338977336884
42,0.1,0.0,15,5,2,3,-0.47732916474342346
42,0.1,0.0,15,5,2,4,0.1262626349925995
42,0.1,0.0,15,5,3,4,-0.2343277782201767
42,0.1,0.0,16,5,0,1,0.09907592087984085
42,0.1,0.0,16,5,0,2,-0.17533904314041138
42,0.1,0.0,16,5,0,3,-0.25006675720214844
42,0.1,0.0,16,5,0,4,0.12852229177951813
42,0.1,0.0,16,5,1,2,0.33765891194343567
42,0.1,0.0,16,5,1,3,-0.4354903995990753
42,0.1,0.0,16,5,1,4,-0.11704453825950623
42,0.1,0.0,16,5,2,3,-0.4950518012046814
42,0.1,0.0,16,5,2,4,0.1497141569852829
42,0.1,0.0,16,5,3,4,-0.23776762187480927
42,0.1,0.0,17,5,0,1,0.10988534241914749
42,0.1,0.0,17,5,0,2,-0.18969953060150146
42,0.1,0.0,17,5,0,3,-0.2640502154827118
42,0.1,0.0,17,5,0,4,0.10755449533462524
42,0.1,0.0,17,5,1,2,0.33891502022743225
42,0.1,0.0,17,5,1,3,-0.4333249628543854
42,0.1,0.0,17,5,1,4,-0.1250552237033844
42,0.1,0.0,17,5,2,3,-0.498257577419281
42,0.1,0.0,17,5,2,4,0.13467690348625183
42,0.1,0.0,17,5,3,4,-0.23748217523097992
42,0.1,0.0,18,5,0,1,0.10884308069944382
42,0.1,0.0,18,5,0,2,-0.19540420174598694
42,0.1,0.0,18,5,0,3,-0.26246321201324463
42,0.1,0.0,18,5,0,4,0.10703732073307037
42,0.1,0.0,18,5,1,2,0.335284560918808
42,0.1,0.0,18,5,1,3,-0.4409469664096832
42,0.1,0.0,18,5,1,4,-0.13534218072891235
42,0.1,0.0,18,5,2,3,-0.5038530826568604
42,0.1,0.0,18,5,2,4,0.13439151644706726
42,0.1,0.0,18,5,3,4,-0.2363402545452118
42,0.1,0.0,19,5,0,1,0.10358637571334839
42,0.1,0.0,19,5,0,2,-0.18575718998908997
42,0.1,0.0,19,5,0,3,-0.26442742347717285
42,0.1,0.0,19,5,0,4,0.12366144359111786
42,0.1,0.0,19,5,1,2,0.3335781991481781
42,0.1,0.0,19,5,1,3,-0.4535682201385498
42,0.1,0.0,19,5,1,4,-0.12053689360618591
42,0.1,0.0,19,5,2,3,-0.5114670991897583
42,0.1,0.0,19,5,2,4,0.1341829150915146
42,0.1,0.0,19,5,3,4,-0.24936896562576294
42,0.1,0.0,20,5,0,1,0.1080310121178627
42,0.1,0.0,20,5,0,2,-0.19718970358371735
42,0.1,0.0,20,5,0,3,-0.2600812315940857
42,0.1,0.0,20,5,0,4,0.11492572724819183
42,0.1,0.0,20,5,1,2,0.32083287835121155
42,0.1,0.0,20,5,1,3,-0.4436468482017517
42,0.1,0.0,20,5,1,4,-0.15149687230587006
42,0.1,0.0,20,5,2,3,-0.5163943767547607
42,0.1,0.0,20,5,2,4,0.09996922314167023
42,0.1,0.0,20,5,3,4,-0.2379884272813797
42,0.1,0.1,1,5,0,1,0.24441704154014587
42,0.1,0.1,1,5,0,2,0.07339977473020554
42,0.1,0.1,1,5,0,3,0.2390429675579071
42,0.1,0.1,1,5,0,4,0.36532750725746155
42,0.1,0.1,1,5,1,2,0.7321373820304871
42,0.1,0.1,1,5,1,3,0.27167585492134094
42,0.1,0.1,1,5,1,4,0.3280039429664612
42,0.1,0.1,1,5,2,3,0.24368025362491608
42,0.1,0.1,1,5,2,4,0.5228479504585266
42,0.1,0.1,1,5,3,4,0.42691779136657715
42,0.1,0.1,2,5,0,1,0.26175352931022644
42,0.1,0.1,2,5,0,2,0.04368835315108299
42,0.1,0.1,2,5,0,3,0.1117643266916275
42,0.1,0.1,2,5,0,4,0.34419891238212585
42,0.1,0.1,2,5,1,2,0.6695912480354309
42,0.1,0.1,2,5,1,3,0.11607417464256287
42,0.1,0.1,2,5,1,4,0.24307531118392944
42,0.1,0.1,2,5,2,3,0.07788006216287613
42,0.1,0.1,2,5,2,4,0.4536779522895813
42,0.1,0.1,2,5,3,4,0.3046422302722931
42,0.1,0.1,3,5,0,1,0.2538147270679474
42,0.1,0.1,3,5,0,2,-0.014230173081159592
42,0.1,0.1,3,5,0,3,0.004328249488025904
42,0.1,0.1,3,5,0,4,0.2654763162136078
42,0.1,0.1,3,5,1,2,0.5725298523902893
42,0.1,0.1,3,5,1,3,-0.045697927474975586
42,0.1,0.1,3,5,1,4,0.10252036899328232
42,0.1,0.1,3,5,2,3,-0.08653996139764786
42,0.1,0.1,3,5,2,4,0.33267584443092346
42,0.1,0.1,3,5,3,4,0.13157515227794647
42,0.1,0.1,4,5,0,1,0.22790470719337463
42,0.1,0.1,4,5,0,2,-0.059786658734083176
42,0.1,0.1,4,5,0,3,-0.07222188264131546
42,0.1,0.1,4,5,0,4,0.2262018322944641
42,0.1,0.1,4,5,1,2,0.5089319944381714
42,0.1,0.1,4,5,1,3,-0.16338710486888885
42,0.1,0.1,4,5,1,4,0.03335902467370033
42,0.1,0.1,4,5,2,3,-0.19413486123085022
42,0.1,0.1,4,5,2,4,0.2801362872123718
42,0.1,0.1,4,5,3,4,0.007212680298835039
42,0.1,0.1,5,5,0,1,0.20582668483257294
42,0.1,0.1,5,5,0,2,-0.09130027145147324
42,0.1,0.1,5,5,0,3,-0.1174011304974556
42,0.1,0.1,5,5,0,4,0.1814102977514267
42,0.1,0.1,5,5,1,2,0.4540508985519409
42,0.1,0.1,5,5,1,3,-0.2432633638381958
42,0.1,0.1,5,5,1,4,-0.0281345434486866
42,0.1,0.1,5,5,2,3,-0.2742040157318115
42,0.1,0.1,5,5,2,4,0.24077321588993073
42,0.1,0.1,5,5,3,4,-0.06833632290363312
42,0.1,0.1,6,5,0,1,0.184707373380661
42,0.1,0.1,6,5,0,2,-0.12174248695373535
42,0.1,0.1,6,5,0,3,-0.14178214967250824
42,0.1,0.1,6,5,0,4,0.1461329460144043
42,0.1,0.1,6,5,1,2,0.4281507730484009
42,0.1,0.1,6,5,1,3,-0.30286237597465515
42,0.1,0.1,6,5,1,4,-0.06147577613592148
42,0.1,0.1,6,5,2,3,-0.31928884983062744
42,0.1,0.1,6,5,2,4,0.21086616814136505
42,0.1,0.1,6,5,3,4,-0.12196370214223862
42,0.1,0.1,7,5,0,1,0.14485904574394226
42,0.1,0.1,7,5,0,2,-0.1466609686613083
42,0.1,0.1,7,5,0,3,-0.16244114935398102
42,0.1,0.1,7,5,0,4,0.1346263736486435
42,0.1,0.1,7,5,1,2,0.3982768654823303
42,0.1,0.1,7,5,1,3,-0.3300020396709442
42,0.1,0.1,7,5,1,4,-0.10354312509298325
42,0.1,0.1,7,5,2,3,-0.3495306670665741
42,0.1,0.1,7,5,2,4,0.19121450185775757
42,0.1,0.1,7,5,3,4,-0.1439211517572403
42,0.1,0.1,8,5,0,1,0.12063666433095932
42,0.1,0.1,8,5,0,2,-0.16245205700397491
42,0.1,0.1,8,5,0,3,-0.1754949986934662
42,0.1,0.1,8,5,0,4,0.12024425715208054
42,0.1,0.1,8,5,1,2,0.41666775941848755
42,0.1,0.1,8,5,1,3,-0.36565789580345154
42,0.1,0.1,8,5,1,4,-0.09256954491138458
42,0.1,0.1,8,5,2,3,-0.3845919966697693
42,0.1,0.1,8,5,2,4,0.1856355369091034
42,0.1,0.1,8,5,3,4,-0.18793044984340668
42,0.1,0.1,9,5,0,1,0.1254788339138031
42,0.1,0.1,9,5,0,2,-0.1808600127696991
42,0.1,0.1,9,5,0,3,-0.19176198542118073
42,0.1,0.1,9,5,0,4,0.11317464709281921
42,0.1,0.1,9,5,1,2,0.37028390169143677
42,0.1,0.1,9,5,1,3,-0.3554542362689972
42,0.1,0.1,9,5,1,4,-0.12790918350219727
42,0.1,0.1,9,5,2,3,-0.3990379869937897
42,0.1,0.1,9,5,2,4,0.1583099663257599
42,0.1,0.1,9,5,3,4,-0.1866346150636673
42,0.1,0.1,10,5,0,1,0.10552990436553955
42,0.1,0.1,10,5,0,2,-0.19401654601097107
42,0.1,0.1,10,5,0,3,-0.1893586367368698
42,0.1,0.1,10,5,0,4,0.1059378832578659
42,0.1,0.1,10,5,1,2,0.36927103996276855
42,0.1,0.1,10,5,1,3,-0.3825990557670593
42,0.1,0.1,10,5,1,4,-0.14440743625164032
42,0.1,0.1,10,5,2,3,-0.40787532925605774
42,0.1,0.1,10,5,2,4,0.12790808081626892
42,0.1,0.1,10,5,3,4,-0.1803269237279892
42,0.1,0.1,11,5,0,1,0.10282981395721436
42,0.1,0.1,11,5,0,2,-0.18102452158927917
42,0.1,0.1,11,5,0,3,-0.22564850747585297
42,0.1,0.1,11,5,0,4,0.111115001142025
42,0.1,0.1,11,5,1,2,0.3517327308654785
42,0.1,0.1,11,5,1,3,-0.3740004897117615
42,0.1,0.1,11,5,1,4,-0.14663822948932648
42,0.1,0.1,11,5,2,3,-0.42443665862083435
42,0.1,0.1,11,5,2,4,0.13540178537368774
42,0.1,0.1,11,5,3,4,-0.196091890335083
42,0.1,0.1,12,5,0,1,0.12144085764884949
42,0.1,0.1,12,5,0,2,-0.2030385285615921
42,0.1,0.1,12,5,0,3,-0.20205546915531158
42,0.1,0.1,12,5,0,4,0.09297148138284683
42,0.1,0.1,12,5,1,2,0.3465340733528137
42,0.1,0.1,12,5,1,3,-0.397146612405777
42,0.1,0.1,12,5,1,4,-0.14199993014335632
42,0.1,0.1,12,5,2,3,-0.44296881556510925
42,0.1,0.1,12,5,2,4,0.15532585978507996
42,0.1,0.1,12,5,3,4,-0.22328408062458038
42,0.1,0.1,13,5,0,1,0.03296589106321335
42,0.1,0.1,13,5,0,2,-0.187344029545784
42,0.1,0.1,13,5,0,3,-0.2080811858177185
42,0.1,0.1,13,5,0,4,0.11446806788444519
42,0.1,0.1,13,5,1,2,0.3500596284866333
42,0.1,0.1,13,5,1,3,-0.4135093688964844
42,0.1,0.1,13,5,1,4,-0.15446019172668457
42,0.1,0.1,13,5,2,3,-0.44929128885269165
42,0.1,0.1,13,5,2,4,0.13351546227931976
42,0.1,0.1,13,5,3,4,-0.1869918256998062
42,0.1,0.1,14,5,0,1,0.10794027149677277
42,0.1,0.1,14,5,0,2,-0.22040151059627533
42,0.1,0.1,14,5,0,3,-0.21251629292964935
42,0.1,0.1,14,5,0,4,0.101944699883461
42,0.1,0.1,14,5,1,2,0.35123127698898315
42,0.1,0.1,14,5,1,3,-0.40207794308662415
42,0.1,0.1,14,5,1,4,-0.14713867008686066
42,0.1,0.1,14,5,2,3,-0.45350390672683716
42,0.1,0.1,14,5,2,4,0.11080608516931534
42,0.1,0.1,14,5,3,4,-0.2263360321521759
42,0.1,0.1,15,5,0,1,0.09331809729337692
42,0.1,0.1,15,5,0,2,-0.2163536250591278
42,0.1,0.1,15,5,0,3,-0.23101186752319336
42,0.1,0.1,15,5,0,4,0.10771265625953674
42,0.1,0.1,15,5,1,2,0.34370237588882446
42,0.1,0.1,15,5,1,3,-0.39762479066848755
42,0.1,0.1,15,5,1,4,-0.17514677345752716
42,0.1,0.1,15,5,2,3,-0.46445006132125854
42,0.1,0.1,15,5,2,4,0.10131474584341049
42,0.1,0.1,15,5,3,4,-0.22115971148014069
42,0.1,0.1,16,5,0,1,0.08065251260995865
42,0.1,0.1,16,5,0,2,-0.2099461853504181
42,0.1,0.1,16,5,0,3,-0.21182045340538025
42,0.1,0.1,16,5,0,4,0.10344334691762924
42,0.1,0.1,16,5,1,2,0.337102472782135
42,0.1,0.1,16,5,1,3,-0.4216900169849396
42,0.1,0.1,16,5,1,4,-0.15366193652153015
42,0.1,0.1,16,5,2,3,-0.48492395877838135
42,0.1,0.1,16,5,2,4,0.13691318035125732
42,0.1,0.1,16,5,3,4,-0.22218647599220276
42,0.1,0.1,17,5,0,1,0.09044849127531052
42,0.1,0.1,17,5,0,2,-0.22826632857322693
42,0.1,0.1,17,5,0,3,-0.2296161651611328
42,0.1,0.1,17,5,0,4,0.0717722624540329
42,0.1,0.1,17,5,1,2,0.3443358838558197
42,0.1,0.1,17,5,1,3,-0.42061373591423035
42,0.1,0.1,17,5,1,4,-0.1650775820016861
42,0.1,0.1,17,5,2,3,-0.48242852091789246
42,0.1,0.1,17,5,2,4,0.11459669470787048
42,0.1,0.1,17,5,3,4,-0.2100956290960312
42,0.1,0.1,18,5,0,1,0.08817863464355469
42,0.1,0.1,18,5,0,2,-0.23444189131259918
42,0.1,0.1,18,5,0,3,-0.23050406575202942
42,0.1,0.1,18,5,0,4,0.07217364758253098
42,0.1,0.1,18,5,1,2,0.34420108795166016
42,0.1,0.1,18,5,1,3,-0.4228208065032959
42,0.1,0.1,18,5,1,4,-0.17690372467041016
42,0.1,0.1,18,5,2,3,-0.48675015568733215
42,0.1,0.1,18,5,2,4,0.11826913803815842
42,0.1,0.1,18,5,3,4,-0.20877991616725922
42,0.1,0.1,19,5,0,1,0.07696442306041718
42,0.1,0.1,19,5,0,2,-0.22404035925865173
42,0.1,0.1,19,5,0,3,-0.2345479279756546
42,0.1,0.1,19,5,0,4,0.09157998859882355
42,0.1,0.1,19,5,1,2,0.3429396152496338
42,0.1,0.1,19,5,1,3,-0.4356914460659027
42,0.1,0.1,19,5,1,4,-0.1628420203924179
42,0.1,0.1,19,5,2,3,-0.4899041950702667
42,0.1,0.1,19,5,2,4,0.11174198985099792
42,0.1,0.1,19,5,3,4,-0.22596345841884613
42,0.1,0.1,20,5,0,1,0.08389203995466232
42,0.1,0.1,20,5,0,2,-0.23096631467342377
42,0.1,0.1,20,5,0,3,-0.2231360673904419
42,0.1,0.1,20,5,0,4,0.08601251244544983
42,0.1,0.1,20,5,1,2,0.32433414459228516
42,0.1,0.1,20,5,1,3,-0.42504578828811646
42,0.1,0.1,20,5,1,4,-0.19692109525203705
42,0.1,0.1,20,5,2,3,-0.492733359336853
42,0.1,0.1,20,5,2,4,0.07125813513994217
42,0.1,0.1,20,5,3,4,-0.21136726438999176
42,0.1,1.0,1,5,0,1,0.2505430579185486
42,0.1,1.0,1,5,0,2,0.03745518997311592
42,0.1,1.0,1,5,0,3,0.23558294773101807
42,0.1,1.0,1,5,0,4,0.291522741317749
42,0.1,1.0,1,5,1,2,0.7233050465583801
42,0.1,1.0,1,5,1,3,0.22397634387016296
42,0.1,1.0,1,5,1,4,0.22358714044094086
42,0.1,1.0,1,5,2,3,0.16775117814540863
42,0.1,1.0,1,5,2,4,0.4324157238006592
42,0.1,1.0,1,5,3,4,0.33276036381721497
42,0.1,1.0,2,5,0,1,0.2533859312534332
42,0.1,1.0,2,5,0,2,-0.014902489259839058
42,0.1,1.0,2,5,0,3,0.1259668916463852
42,0.1,1.0,2,5,0,4,0.3103806674480438
42,0.1,1.0,2,5,1,2,0.68663489818573
42,0.1,1.0,2,5,1,3,0.09680154919624329
42,0.1,1.0,2,5,1,4,0.1794179528951645
42,0.1,1.0,2,5,2,3,0.054246727377176285
42,0.1,1.0,2,5,2,4,0.4154054522514343
42,0.1,1.0,2,5,3,4,0.26956573128700256
42,0.1,1.0,3,5,0,1,0.260679692029953
42,0.1,1.0,3,5,0,2,-0.061070311814546585
42,0.1,1.0,3,5,0,3,0.04070568084716797
42,0.1,1.0,3,5,0,4,0.27796921133995056
42,0.1,1.0,3,5,1,2,0.6455827951431274
42,0.1,1.0,3,5,1,3,-0.008165939711034298
42,0.1,1.0,3,5,1,4,0.10338220000267029
42,0.1,1.0,3,5,2,3,-0.06065165996551514
42,0.1,1.0,3,5,2,4,0.35691550374031067
42,0.1,1.0,3,5,3,4,0.16275176405906677
42,0.1,1.0,4,5,0,1,0.248426154255867
42,0.1,1.0,4,5,0,2,-0.09530086070299149
42,0.1,1.0,4,5,0,3,-0.03426061198115349
42,0.1,1.0,4,5,0,4,0.26673492789268494
42,0.1,1.0,4,5,1,2,0.6017987132072449
42,0.1,1.0,4,5,1,3,-0.09846911579370499
42,0.1,1.0,4,5,1,4,0.06802191585302353
42,0.1,1.0,4,5,2,3,-0.15131442248821259
42,0.1,1.0,4,5,2,4,0.34255942702293396
42,0.1,1.0,4,5,3,4,0.08178603649139404
42,0.1,1.0,5,5,0,1,0.2513177692890167
42,0.1,1.0,5,5,0,2,-0.11819899082183838
42,0.1,1.0,5,5,0,3,-0.08803544193506241
42,0.1,1.0,5,5,0,4,0.22114434838294983
42,0.1,1.0,5,5,1,2,0.5544156432151794
42,0.1,1.0,5,5,1,3,-0.17573270201683044
42,0.1,1.0,5,5,1,4,0.010181767866015434
42,0.1,1.0,5,5,2,3,-0.2340097874403
42,0.1,1.0,5,5,2,4,0.32035601139068604
42,0.1,1.0,5,5,3,4,0.004868180491030216
42,0.1,1.0,6,5,0,1,0.256896436214447
42,0.1,1.0,6,5,0,2,-0.1461196094751358
42,0.1,1.0,6,5,0,3,-0.1278165727853775
42,0.1,1.0,6,5,0,4,0.19779476523399353
42,0.1,1.0,6,5,1,2,0.541186511516571
42,0.1,1.0,6,5,1,3,-0.24982178211212158
42,0.1,1.0,6,5,1,4,-0.017670050263404846
42,0.1,1.0,6,5,2,3,-0.304065465927124
42,0.1,1.0,6,5,2,4,0.2900456190109253
42,0.1,1.0,6,5,3,4,-0.05811440944671631
42,0.1,1.0,7,5,0,1,0.22576388716697693
42,0.1,1.0,7,5,0,2,-0.19138804078102112
42,0.1,1.0,7,5,0,3,-0.14893820881843567
42,0.1,1.0,7,5,0,4,0.17944534122943878
42,0.1,1.0,7,5,1,2,0.4810069799423218
42,0.1,1.0,7,5,1,3,-0.30013707280158997
42,0.1,1.0,7,5,1,4,-0.09053634852170944
42,0.1,1.0,7,5,2,3,-0.347852885723114
42,0.1,1.0,7,5,2,4,0.2555527687072754
42,0.1,1.0,7,5,3,4,-0.07370489090681076
42,0.1,1.0,8,5,0,1,0.2104499787092209
42,0.1,1.0,8,5,0,2,-0.19671612977981567
42,0.1,1.0,8,5,0,3,-0.17759351432323456
42,0.1,1.0,8,5,0,4,0.15178819000720978
42,0.1,1.0,8,5,1,2,0.5327735543251038
42,0.1,1.0,8,5,1,3,-0.36316460371017456
42,0.1,1.0,8,5,1,4,-0.06256004422903061
42,0.1,1.0,8,5,2,3,-0.39259397983551025
42,0.1,1.0,8,5,2,4,0.23924461007118225
42,0.1,1.0,8,5,3,4,-0.13145750761032104
42,0.1,1.0,9,5,0,1,0.23727373778820038
42,0.1,1.0,9,5,0,2,-0.22862504422664642
42,0.1,1.0,9,5,0,3,-0.20117245614528656
42,0.1,1.0,9,5,0,4,0.16729819774627686
42,0.1,1.0,9,5,1,2,0.4363299012184143
42,0.1,1.0,9,5,1,3,-0.3446868360042572
42,0.1,1.0,9,5,1,4,-0.11848437041044235
42,0.1,1.0,9,5,2,3,-0.42672601342201233
42,0.1,1.0,9,5,2,4,0.21564249694347382
42,0.1,1.0,9,5,3,4,-0.16594581305980682
42,0.1,1.0,10,5,0,1,0.2056388556957245
42,0.1,1.0,10,5,0,2,-0.25344082713127136
42,0.1,1.0,10,5,0,3,-0.19685693085193634
42,0.1,1.0,10,5,0,4,0.12989449501037598
42,0.1,1.0,10,5,1,2,0.43880030512809753
42,0.1,1.0,10,5,1,3,-0.40635767579078674
42,0.1,1.0,10,5,1,4,-0.14488065242767334
42,0.1,1.0,10,5,2,3,-0.4487597346305847
42,0.1,1.0,10,5,2,4,0.1845322549343109
42,0.1,1.0,10,5,3,4,-0.1752278059720993
42,0.1,1.0,11,5,0,1,0.19556410610675812
42,0.1,1.0,11,5,0,2,-0.22959692776203156
42,0.1,1.0,11,5,0,3,-0.2508819103240967
42,0.1,1.0,11,5,0,4,0.13949759304523468
42,0.1,1.0,11,5,1,2,0.39918211102485657
42,0.1,1.0,11,5,1,3,-0.39734122157096863
42,0.1,1.0,11,5,1,4,-0.1443590372800827
42,0.1,1.0,11,5,2,3,-0.48141318559646606
42,0.1,1.0,11,5,2,4,0.2135511040687561
42,0.1,1.0,11,5,3,4,-0.21805109083652496
42,0.1,1.0,12,5,0,1,0.24752965569496155
42,0.1,1.0,12,5,0,2,-0.2597506046295166
42,0.1,1.0,12,5,0,3,-0.23770380020141602
42,0.1,1.0,12,5,0,4,0.09895860403776169
42,0.1,1.0,12,5,1,2,0.38389885425567627
42,0.1,1.0,12,5,1,3,-0.4396735429763794
42,0.1,1.0,12,5,1,4,-0.16680563986301422
42,0.1,1.0,12,5,2,3,-0.49429193139076233
42,0.1,1.0,12,5,2,4,0.24742276966571808
42,0.1,1.0,12,5,3,4,-0.26688140630722046
42,0.1,1.0,13,5,0,1,0.05885254591703415
42,0.1,1.0,13,5,0,2,-0.23871983587741852
42,0.1,1.0,13,5,0,3,-0.21566195785999298
42,0.1,1.0,13,5,0,4,0.13165941834449768
42,0.1,1.0,13,5,1,2,0.40166711807250977
42,0.1,1.0,13,5,1,3,-0.48300978541374207
42,0.1,1.0,13,5,1,4,-0.16405408084392548
42,0.1,1.0,13,5,2,3,-0.5323111414909363
42,0.1,1.0,13,5,2,4,0.2180761992931366
42,0.1,1.0,13,5,3,4,-0.20259308815002441
42,0.1,1.0,14,5,0,1,0.20864617824554443
42,0.1,1.0,14,5,0,2,-0.3042652904987335
42,0.1,1.0,14,5,0,3,-0.24255318939685822
42,0.1,1.0,14,5,0,4,0.11769548058509827
42,0.1,1.0,14,5,1,2,0.4173353910446167
42,0.1,1.0,14,5,1,3,-0.46893584728240967
42,0.1,1.0,14,5,1,4,-0.1544911116361618
42,0.1,1.0,14,5,2,3,-0.517920196056366
42,0.1,1.0,14,5,2,4,0.1664443165063858
42,0.1,1.0,14,5,3,4,-0.2727892994880676
42,0.1,1.0,15,5,0,1,0.16260887682437897
42,0.1,1.0,15,5,0,2,-0.27855509519577026
42,0.1,1.0,15,5,0,3,-0.26475876569747925
42,0.1,1.0,15,5,0,4,0.15770894289016724
42,0.1,1.0,15,5,1,2,0.36878642439842224
42,0.1,1.0,15,5,1,3,-0.4558773338794708
42,0.1,1.0,15,5,1,4,-0.23288102447986603
42,0.1,1.0,15,5,2,3,-0.5278657078742981
42,0.1,1.0,15,5,2,4,0.14805106818675995
42,0.1,1.0,15,5,3,4,-0.2912741005420685
42,0.1,1.0,16,5,0,1,0.19239497184753418
42,0.1,1.0,16,5,0,2,-0.27412426471710205
42,0.1,1.0,16,5,0,3,-0.24875035881996155
42,0.1,1.0,16,5,0,4,0.14908233284950256
42,0.1,1.0,16,5,1,2,0.3821413218975067
42,0.1,1.0,16,5,1,3,-0.5014748573303223
42,0.1,1.0,16,5,1,4,-0.17526525259017944
42,0.1,1.0,16,5,2,3,-0.56955885887146
42,0.1,1.0,16,5,2,4,0.19108663499355316
42,0.1,1.0,16,5,3,4,-0.29479026794433594
42,0.1,1.0,17,5,0,1,0.19084136188030243
42,0.1,1.0,17,5,0,2,-0.3102118968963623
42,0.1,1.0,17,5,0,3,-0.2786979675292969
42,0.1,1.0,17,5,0,4,0.05356317013502121
42,0.1,1.0,17,5,1,2,0.3735432028770447
42,0.1,1.0,17,5,1,3,-0.4832253158092499
42,0.1,1.0,17,5,1,4,-0.21076637506484985
42,0.1,1.0,17,5,2,3,-0.5487701296806335
42,0.1,1.0,17,5,2,4,0.15366561710834503
42,0.1,1.0,17,5,3,4,-0.23782221972942352
42,0.1,1.0,18,5,0,1,0.19064168632030487
42,0.1,1.0,18,5,0,2,-0.30876481533050537
42,0.1,1.0,18,5,0,3,-0.2687041759490967
42,0.1,1.0,18,5,0,4,0.06575954705476761
42,0.1,1.0,18,5,1,2,0.37016987800598145
42,0.1,1.0,18,5,1,3,-0.507121741771698
42,0.1,1.0,18,5,1,4,-0.22218942642211914
42,0.1,1.0,18,5,2,3,-0.5694178938865662
42,0.1,1.0,18,5,2,4,0.18535573780536652
42,0.1,1.0,18,5,3,4,-0.25776293873786926
42,0.1,1.0,19,5,0,1,0.13387887179851532
42,0.1,1.0,19,5,0,2,-0.2995414733886719
42,0.1,1.0,19,5,0,3,-0.27292919158935547
42,0.1,1.0,19,5,0,4,0.11332611739635468
42,0.1,1.0,19,5,1,2,0.3926903307437897
42,0.1,1.0,19,5,1,3,-0.5266020894050598
42,0.1,1.0,19,5,1,4,-0.20252639055252075
42,0.1,1.0,19,5,2,3,-0.5651525855064392
42,0.1,1.0,19,5,2,4,0.14020197093486786
42,0.1,1.0,19,5,3,4,-0.2817850112915039
42,0.1,1.0,20,5,0,1,0.18547184765338898
42,0.1,1.0,20,5,0,2,-0.31129390001296997
42,0.1,1.0,20,5,0,3,-0.2422928661108017
42,0.1,1.0,20,5,0,4,0.10267877578735352
42,0.1,1.0,20,5,1,2,0.31874197721481323
42,0.1,1.0,20,5,1,3,-0.4879106879234314
42,0.1,1.0,20,5,1,4,-0.24253082275390625
42,0.1,1.0,20,5,2,3,-0.5813699960708618
42,0.1,1.0,20,5,2,4,0.10303579270839691
42,0.1,1.0,20,5,3,4,-0.2674962282180786
43,0.1,0.0,1,5,0,1,0.5625431537628174
43,0.1,0.0,1,5,0,2,0.16407740116119385
43,0.1,0.0,1,5,0,3,0.3288435637950897
43,0.1,0.0,1,5,0,4,0.31087422370910645
43,0.1,0.0,1,5,1,2,0.21187438070774078
43,0.1,0.0,1,5,1,3,0.5632818341255188
43,0.1,0.0,1,5,1,4,0.3325728178024292
43,0.1,0.0,1,5,2,3,0.339184045791626
43,0.1,0.0,1,5,2,4,0.3637281358242035
43,0.1,0.0,1,5,3,4,0.4590066075325012
43,0.1,0.0,2,5,0,1,0.4866867661476135
43,0.1,0.0,2,5,0,2,0.027804996818304062
43,0.1,0.0,2,5,0,3,0.16762234270572662
43,0.1,0.0,2,5,0,4,0.23040854930877686
43,0.1,0.0,2,5,1,2,0.036154016852378845
43,0.1,0.0,2,5,1,3,0.41502732038497925
43,0.1,0.0,2,5,1,4,0.1813114881515503
43,0.1,0.0,2,5,2,3,0.1661430150270462
43,0.1,0.0,2,5,2,4,0.3549269735813141
43,0.1,0.0,2,5,3,4,0.2593017518520355
43,0.1,0.0,3,5,0,1,0.43597307801246643
43,0.1,0.0,3,5,0,2,-0.02047683484852314
43,0.1,0.0,3,5,0,3,0.019145332276821136
43,0.1,0.0,3,5,0,4,0.16924084722995758
43,0.1,0.0,3,5,1,2,-0.06034199148416519
43,0.1,0.0,3,5,1,3,0.2632139325141907
43,0.1,0.0,3,5,1,4,0.06469422578811646
43,0.1,0.0,3,5,2,3,-0.012102005071938038
43,0.1,0.0,3,5,2,4,0.270607054233551
43,0.1,0.0,3,5,3,4,0.07207741588354111
43,0.1,0.0,4,5,0,1,0.3952333629131317
43,0.1,0.0,4,5,0,2,-0.06944932788610458
43,0.1,0.0,4,5,0,3,-0.06582330167293549
43,0.1,0.0,4,5,0,4,0.10283901542425156
43,0.1,0.0,4,5,1,2,-0.1284601092338562
43,0.1,0.0,4,5,1,3,0.18317794799804688
43,0.1,0.0,4,5,1,4,-0.0053334045223891735
43,0.1,0.0,4,5,2,3,-0.12268014252185822
43,0.1,0.0,4,5,2,4,0.19890770316123962
43,0.1,0.0,4,5,3,4,-0.017839958891272545
43,0.1,0.0,5,5,0,1,0.3801036775112152
43,0.1,0.0,5,5,0,2,-0.09929821640253067
43,0.1,0.0,5,5,0,3,-0.11002888530492783
43,0.1,0.0,5,5,0,4,0.09695761650800705
43,0.1,0.0,5,5,1,2,-0.15874509513378143
43,0.1,0.0,5,5,1,3,0.13016565144062042
43,0.1,0.0,5,5,1,4,-0.020460115745663643
43,0.1,0.0,5,5,2,3,-0.17864897847175598
43,0.1,0.0,5,5,2,4,0.1404828131198883
43,0.1,0.0,5,5,3,4,-0.08695898950099945
43,0.1,0.0,6,5,0,1,0.3060000240802765
43,0.1,0.0,6,5,0,2,-0.09125293046236038
43,0.1,0.0,6,5,0,3,-0.15604151785373688
43,0.1,0.0,6,5,0,4,0.0919836238026619
43,0.1,0.0,6,5,1,2,-0.16970522701740265
43,0.1,0.0,6,5,1,3,0.1436028629541397
43,0.1,0.0,6,5,1,4,-0.0788467526435852
43,0.1,0.0,6,5,2,3,-0.22009286284446716
43,0.1,0.0,6,5,2,4,0.12167298048734665
43,0.1,0.0,6,5,3,4,-0.11355673521757126
43,0.1,0.0,7,5,0,1,0.33251795172691345
43,0.1,0.0,7,5,0,2,-0.11406642943620682
43,0.1,0.0,7,5,0,3,-0.18404142558574677
43,0.1,0.0,7,5,0,4,0.07989829778671265
43,0.1,0.0,7,5,1,2,-0.18737709522247314
43,0.1,0.0,7,5,1,3,0.07209068536758423
43,0.1,0.0,7,5,1,4,-0.07273109257221222
43,0.1,0.0,7,5,2,3,-0.23447884619235992
43,0.1,0.0,7,5,2,4,0.11961757391691208
43,0.1,0.0,7,5,3,4,-0.14526700973510742
43,0.1,0.0,8,5,0,1,0.3373667597770691
43,0.1,0.0,8,5,0,2,-0.1159181222319603
43,0.1,0.0,8,5,0,3,-0.2119418829679489
43,0.1,0.0,8,5,0,4,0.0705999881029129
43,0.1,0.0,8,5,1,2,-0.18241845071315765
43,0.1,0.0,8,5,1,3,0.0425741970539093
43,0.1,0.0,8,5,1,4,-0.07075575739145279
43,0.1,0.0,8,5,2,3,-0.23938915133476257
43,0.1,0.0,8,5,2,4,0.09451572597026825
43,0.1,0.0,8,5,3,4,-0.17768266797065735
43,0.1,0.0,9,5,0,1,0.2972221076488495
43,0.1,0.0,9,5,0,2,-0.12281781435012817
43,0.1,0.0,9,5,0,3,-0.24419929087162018
43,0.1,0.0,9,5,0,4,0.06743788719177246
43,0.1,0.0,9,5,1,2,-0.19997496902942657
43,0.1,0.0,9,5,1,3,0.029525980353355408
43,0.1,0.0,9,5,1,4,-0.09531337767839432
43,0.1,0.0,9,5,2,3,-0.22970229387283325
43,0.1,0.0,9,5,2,4,0.07915519922971725
43,0.1,0.0,9,5,3,4,-0.19702211022377014
43,0.1,0.0,10,5,0,1,0.3047889769077301
43,0.1,0.0,10,5,0,2,-0.12523767352104187
43,0.1,0.0,10,5,0,3,-0.24828343093395233
43,0.1,0.0,10,5,0,4,0.07056491076946259
43,0.1,0.0,10,5,1,2,-0.1853775680065155
43,0.1,0.0,10,5,1,3,0.0025349557399749756
43,0.1,0.0,10,5,1,4,-0.09661330282688141
43,0.1,0.0,10,5,2,3,-0.2919870615005493
43,0.1,0.0,10,5,2,4,0.07414877414703369
43,0.1,0.0,10,5,3,4,-0.2021237164735794
43,0.1,0.0,11,5,0,1,0.2986701726913452
43,0.1,0.0,11,5,0,2,-0.12065189331769943
43,0.1,0.0,11,5,0,3,-0.28892087936401367
43,0.1,0.0,11,5,0,4,0.06083666905760765
43,0.1,0.0,11,5,1,2,-0.19301941990852356
43,0.1,0.0,11,5,1,3,-0.013114056549966335
43,0.1,0.0,11,5,1,4,-0.13704745471477509
43,0.1,0.0,11,5,2,3,-0.255861759185791
43,0.1,0.0,11,5,2,4,0.07782967388629913
43,0.1,0.0,11,5,3,4,-0.2301839292049408
43,0.1,0.0,12,5,0,1,0.2852555811405182
43,0.1,0.0,12,5,0,2,-0.12112337350845337
43,0.1,0.0,12,5,0,3,-0.3002088963985443
43,0.1,0.0,12,5,0,4,0.09003062546253204
43,0.1,0.0,12,5,1,2,-0.20250961184501648
43,0.1,0.0,12,5,1,3,-0.03861446678638458
43,0.1,0.0,12,5,1,4,-0.0926615372300148
43,0.1,0.0,12,5,2,3,-0.273567795753479
43,0.1,0.0,12,5,2,4,0.07477155327796936
43,0.1,0.0,12,5,3,4,-0.2642364799976349
43,0.1,0.0,13,5,0,1,0.2682339549064636
43,0.1,0.0,13,5,0,2,-0.13675428926944733
43,0.1,0.0,13,5,0,3,-0.3048979341983795
43,0.1,0.0,13,5,0,4,0.053981490433216095
43,0.1,0.0,13,5,1,2,-0.20581276714801788
43,0.1,0.0,13,5,1,3,-0.02961745113134384
43,0.1,0.0,13,5,1,4,-0.13302573561668396
43,0.1,0.0,13,5,2,3,-0.2661305367946625
43,0.1,0.0,13,5,2,4,0.061399318277835846
43,0.1,0.0,13,5,3,4,-0.27739760279655457
43,0.1,0.0,14,5,0,1,0.2769949734210968
43,0.1,0.0,14,5,0,2,-0.13201463222503662
43,0.1,0.0,14,5,0,3,-0.3143613934516907
43,0.1,0.0,14,5,0,4,0.06857676059007645
43,0.1,0.0,14,5,1,2,-0.21731367707252502
43,0.1,0.0,14,5,1,3,-0.058977965265512466
43,0.1,0.0,14,5,1,4,-0.12156795710325241
43,0.1,0.0,14,5,2,3,-0.2743704319000244
43,0.1,0.0,14,5,2,4,0.05637228116393089
43,0.1,0.0,14,5,3,4,-0.29081863164901733
43,0.1,0.0,15,5,0,1,0.26192525029182434
43,0.1,0.0,15,5,0,2,-0.13635632395744324
43,0.1,0.0,15,5,0,3,-0.32837045192718506
43,0.1,0.0,15,5,0,4,0.08392145484685898
43,0.1,0.0,15,5,1,2,-0.21384404599666595
43,0.1,0.0,15,5,1,3,-0.07807068526744843
43,0.1,0.0,15,5,1,4,-0.1124466210603714
43,0.1,0.0,15,5,2,3,-0.2779834568500519
43,0.1,0.0,15,5,2,4,0.06492035835981369
43,0.1,0.0,15,5,3,4,-0.3127591609954834
43,0.1,0.0,16,5,0,1,0.2696545720100403
43,0.1,0.0,16,5,0,2,-0.14044110476970673
43,0.1,0.0,16,5,0,3,-0.34219568967819214
43,0.1,0.0,16,5,0,4,0.07707623392343521
43,0.1,0.0,16,5,1,2,-0.21673409640789032
43,0.1,0.0,16,5,1,3,-0.08069396018981934
43,0.1,0.0,16,5,1,4,-0.13209493458271027
43,0.1,0.0,16,5,2,3,-0.2865844964981079
43,0.1,0.0,16,5,2,4,0.05617138370871544
43,0.1,0.0,16,5,3,4,-0.3185935318470001
43,0.1,0.0,17,5,0,1,0.26419639587402344
43,0.1,0.0,17,5,0,2,-0.15135082602500916
43,0.1,0.0,17,5,0,3,-0.3410590589046478
43,0.1,0.0,17,5,0,4,0.06790684163570404
43,0.1,0.0,17,5,1,2,-0.19956928491592407
43,0.1,0.0,17,5,1,3,-0.10589180141687393
43,0.1,0.0,17,5,1,4,-0.13419710099697113
43,0.1,0.0,17,5,2,3,-0.2950112223625183
43,0.1,0.0,17,5,2,4,0.05201702192425728
43,0.1,0.0,17,5,3,4,-0.3208296597003937
43,0.1,0.0,18,5,0,1,0.25813454389572144
43,0.1,0.0,18,5,0,2,-0.14247603714466095
43,0.1,0.0,18,5,0,3,-0.35945478081703186
43,0.1,0.0,18,5,0,4,0.07335960865020752
43,0.1,0.0,18,5,1,2,-0.21428662538528442
43,0.1,0.0,18,5,1,3,-0.10824625939130783
43,0.1,0.0,18,5,1,4,-0.1273486167192459
43,0.1,0.0,18,5,2,3,-0.2988356947898865
43,0.1,0.0,18,5,2,4,0.06254613399505615
43,0.1,0.0,18,5,3,4,-0.334111750125885
43,0.1,0.0,19,5,0,1,0.2590966820716858
43,0.1,0.0,19,5,0,2,-0.14656352996826172
43,0.1,0.0,19,5,0,3,-0.3641816973686218
43,0.1,0.0,19,5,0,4,0.08117318898439407
43,0.1,0.0,19,5,1,2,-0.20843784511089325
43,0.1,0.0,19,5,1,3,-0.12746456265449524
43,0.1,0.0,19,5,1,4,-0.12325852364301682
43,0.1,0.0,19,5,2,3,-0.2745337188243866
43,0.1,0.0,19,5,2,4,0.04594917967915535
43,0.1,0.0,19,5,3,4,-0.359698623418808
43,0.1,0.0,20,5,0,1,0.23505957424640656
43,0.1,0.0,20,5,0,2,-0.16203093528747559
43,0.1,0.0,20,5,0,3,-0.35056573152542114
43,0.1,0.0,20,5,0,4,0.07301158457994461
43,0.1,0.0,20,5,1,2,-0.21831682324409485
43,0.1,0.0,20,5,1,3,-0.10603392124176025
43,0.1,0.0,20,5,1,4,-0.14327506721019745
43,0.1,0.0,20,5,2,3,-0.3184906840324402
43,0.1,0.0,20,5,2,4,0.05109507963061333
43,0.1,0.0,20,5,3,4,-0.34769028425216675
43,0.1,0.1,1,5,0,1,0.5800280570983887
43,0.1,0.1,1,5,0,2,0.1698617935180664
43,0.1,0.1,1,5,0,3,0.3244345784187317
43,0.1,0.1,1,5,0,4,0.32012712955474854
43,0.1,0.1,1,5,1,2,0.21556967496871948
43,0.1,0.1,1,5,1,3,0.5705854296684265
43,0.1,0.1,1,5,1,4,0.3385079503059387
43,0.1,0.1,1,5,2,3,0.34819915890693665
43,0.1,0.1,1,5,2,4,0.36534667015075684
43,0.1,0.1,1,5,3,4,0.4672181010246277
43,0.1,0.1,2,5,0,1,0.5128291249275208
43,0.1,0.1,2,5,0,2,0.04428721219301224
43,0.1,0.1,2,5,0,3,0.20610013604164124
43,0.1,0.1,2,5,0,4,0.26626136898994446
43,0.1,0.1,2,5,1,2,0.06813404709100723
43,0.1,0.1,2,5,1,3,0.470211923122406
43,0.1,0.1,2,5,1,4,0.22977343201637268
43,0.1,0.1,2,5,2,3,0.23946678638458252
43,0.1,0.1,2,5,2,4,0.3606739938259125
43,0.1,0.1,2,5,3,4,0.3300360441207886
43,0.1,0.1,3,5,0,1,0.4671480059623718
43,0.1,0.1,3,5,0,2,-0.02072194218635559
43,0.1,0.1,3,5,0,3,0.06464743614196777
43,0.1,0.1,3,5,0,4,0.20581576228141785
43,0.1,0.1,3,5,1,2,-0.0385667160153389
43,0.1,0.1,3,5,1,3,0.3318515717983246
43,0.1,0.1,3,5,1,4,0.11516553908586502
43,0.1,0.1,3,5,2,3,0.08863220363855362
43,0.1,0.1,3,5,2,4,0.2923625409603119
43,0.1,0.1,3,5,3,4,0.15591461956501007
43,0.1,0.1,4,5,0,1,0.42133232951164246
43,0.1,0.1,4,5,0,2,-0.07472328096628189
43,0.1,0.1,4,5,0,3,-0.028824856504797935
43,0.1,0.1,4,5,0,4,0.12745705246925354
43,0.1,0.1,4,5,1,2,-0.11757561564445496
43,0.1,0.1,4,5,1,3,0.2360055148601532
43,0.1,0.1,4,5,1,4,0.025757314637303352
43,0.1,0.1,4,5,2,3,-0.03959726169705391
43,0.1,0.1,4,5,2,4,0.22456036508083344
43,0.1,0.1,4,5,3,4,0.04819134995341301
43,0.1,0.1,5,5,0,1,0.39522990584373474
43,0.1,0.1,5,5,0,2,-0.11368180066347122
43,0.1,0.1,5,5,0,3,-0.09020037204027176
43,0.1,0.1,5,5,0,4,0.10733567178249359
43,0.1,0.1,5,5,1,2,-0.16524074971675873
43,0.1,0.1,5,5,1,3,0.17854873836040497
43,0.1,0.1,5,5,1,4,-0.003927818965166807
43,0.1,0.1,5,5,2,3,-0.11363888531923294
43,0.1,0.1,5,5,2,4,0.16246837377548218
43,0.1,0.1,5,5,3,4,-0.04597382992506027
43,0.1,0.1,6,5,0,1,0.3168385624885559
43,0.1,0.1,6,5,0,2,-0.11327096074819565
43,0.1,0.1,6,5,0,3,-0.1399438977241516
43,0.1,0.1,6,5,0,4,0.09312184900045395
43,0.1,0.1,6,5,1,2,-0.18303658068180084
43,0.1,0.1,6,5,1,3,0.18746566772460938
43,0.1,0.1,6,5,1,4,-0.07186826318502426
43,0.1,0.1,6,5,2,3,-0.17527197301387787
43,0.1,0.1,6,5,2,4,0.12942329049110413
43,0.1,0.1,6,5,3,4,-0.08530387282371521
43,0.1,0.1,7,5,0,1,0.3556607663631439
43,0.1,0.1,7,5,0,2,-0.13719993829727173
43,0.1,0.1,7,5,0,3,-0.17031019926071167
43,0.1,0.1,7,5,0,4,0.07140666246414185
43,0.1,0.1,7,5,1,2,-0.2124229371547699
43,0.1,0.1,7,5,1,3,0.10016773641109467
43,0.1,0.1,7,5,1,4,-0.07131154835224152
43,0.1,0.1,7,5,2,3,-0.20090577006340027
43,0.1,0.1,7,5,2,4,0.1210208535194397
43,0.1,0.1,7,5,3,4,-0.12270483374595642
43,0.1,0.1,8,5,0,1,0.3692430257797241
43,0.1,0.1,8,5,0,2,-0.144011452794075
43,0.1,0.1,8,5,0,3,-0.19284141063690186
43,0.1,0.1,8,5,0,4,0.05790882930159569
43,0.1,0.1,8,5,1,2,-0.2049730122089386
43,0.1,0.1,8,5,1,3,0.08201246708631516
43,0.1,0.1,8,5,1,4,-0.0697249323129654
43,0.1,0.1,8,5,2,3,-0.2168681025505066
43,0.1,0.1,8,5,2,4,0.07995984703302383
43,0.1,0.1,8,5,3,4,-0.15388542413711548
43,0.1,0.1,9,5,0,1,0.3245943784713745
43,0.1,0.1,9,5,0,2,-0.15282802283763885
43,0.1,0.1,9,5,0,3,-0.2295408397912979
43,0.1,0.1,9,5,0,4,0.04982350394129753
43,0.1,0.1,9,5,1,2,-0.2237519770860672
43,0.1,0.1,9,5,1,3,0.0802021250128746
43,0.1,0.1,9,5,1,4,-0.0954940989613533
43,0.1,0.1,9,5,2,3,-0.20141901075839996
43,0.1,0.1,9,5,2,4,0.06493903696537018
43,0.1,0.1,9,5,3,4,-0.1844385713338852
43,0.1,0.1,10,5,0,1,0.32970288395881653
43,0.1,0.1,10,5,0,2,-0.16035807132720947
43,0.1,0.1,10,5,0,3,-0.2279035896062851
43,0.1,0.1,10,5,0,4,0.051838696002960205
43,0.1,0.1,10,5,1,2,-0.21269896626472473
43,0.1,0.1,10,5,1,3,0.0425705760717392
43,0.1,0.1,10,5,1,4,-0.09574241936206818
43,0.1,0.1,10,5,2,3,-0.28730982542037964
43,0.1,0.1,10,5,2,4,0.058877818286418915
43,0.1,0.1,10,5,3,4,-0.1796107143163681
43,0.1,0.1,11,5,0,1,0.32892507314682007
43,0.1,0.1,11,5,0,2,-0.1536514014005661
43,0.1,0.1,11,5,0,3,-0.2832067012786865
43,0.1,0.1,11,5,0,4,0.040654413402080536
43,0.1,0.1,11,5,1,2,-0.22199513018131256
43,0.1,0.1,11,5,1,3,0.02823602594435215
43,0.1,0.1,11,5,1,4,-0.13415303826332092
43,0.1,0.1,11,5,2,3,-0.2350555956363678
43,0.1,0.1,11,5,2,4,0.060681045055389404
43,0.1,0.1,11,5,3,4,-0.19429360330104828
43,0.1,0.1,12,5,0,1,0.31100988388061523
43,0.1,0.1,12,5,0,2,-0.1552046537399292
43,0.1,0.1,12,5,0,3,-0.29076266288757324
43,0.1,0.1,12,5,0,4,0.07759864628314972
43,0.1,0.1,12,5,1,2,-0.2403154820203781
43,0.1,0.1,12,5,1,3,0.01383977010846138
43,0.1,0.1,12,5,1,4,-0.0922783762216568
43,0.1,0.1,12,5,2,3,-0.25331950187683105
43,0.1,0.1,12,5,2,4,0.053225625306367874
43,0.1,0.1,12,5,3,4,-0.2363252341747284
43,0.1,0.1,13,5,0,1,0.2914416193962097
43,0.1,0.1,13,5,0,2,-0.17238740622997284
43,0.1,0.1,13,5,0,3,-0.29378968477249146
43,0.1,0.1,13,5,0,4,0.036852169781923294
43,0.1,0.1,13,5,1,2,-0.23655512928962708
43,0.1,0.1,13,5,1,3,0.020393794402480125
43,0.1,0.1,13,5,1,4,-0.13898296654224396
43,0.1,0.1,13,5,2,3,-0.24286755919456482
43,0.1,0.1,13,5,2,4,0.04875832051038742
43,0.1,0.1,13,5,3,4,-0.24591809511184692
43,0.1,0.1,14,5,0,1,0.30131322145462036
43,0.1,0.1,14,5,0,2,-0.17351101338863373
43,0.1,0.1,14,5,0,3,-0.30693483352661133
43,0.1,0.1,14,5,0,4,0.0444956012070179
43,0.1,0.1,14,5,1,2,-0.25704851746559143
43,0.1,0.1,14,5,1,3,-0.016552994027733803
43,0.1,0.1,14,5,1,4,-0.12038472294807434
43,0.1,0.1,14,5,2,3,-0.24211159348487854
43,0.1,0.1,14,5,2,4,0.03791109845042229
43,0.1,0.1,14,5,3,4,-0.2514260709285736
43,0.1,0.1,15,5,0,1,0.27888354659080505
43,0.1,0.1,15,5,0,2,-0.17237354815006256
43,0.1,0.1,15,5,0,3,-0.32382315397262573
43,0.1,0.1,15,5,0,4,0.07211948186159134
43,0.1,0.1,15,5,1,2,-0.2493366301059723
43,0.1,0.1,15,5,1,3,-0.03272268548607826
43,0.1,0.1,15,5,1,4,-0.1138581708073616
43,0.1,0.1,15,5,2,3,-0.2531659007072449
43,0.1,0.1,15,5,2,4,0.047739386558532715
43,0.1,0.1,15,5,3,4,-0.27180615067481995
43,0.1,0.1,16,5,0,1,0.30147573351860046
43,0.1,0.1,16,5,0,2,-0.17733728885650635
43,0.1,0.1,16,5,0,3,-0.3335637152194977
43,0.1,0.1,16,5,0,4,0.0594734363257885
43,0.1,0.1,16,5,1,2,-0.24814316630363464
43,0.1,0.1,16,5,1,3,-0.03305400162935257
43,0.1,0.1,16,5,1,4,-0.13537777960300446
43,0.1,0.1,16,5,2,3,-0.26316583156585693
43,0.1,0.1,16,5,2,4,0.03751090541481972
43,0.1,0.1,16,5,3,4,-0.2863008677959442
43,0.1,0.1,17,5,0,1,0.29018962383270264
43,0.1,0.1,17,5,0,2,-0.19469119608402252
43,0.1,0.1,17,5,0,3,-0.334872305393219
43,0.1,0.1,17,5,0,4,0.050100602209568024
43,0.1,0.1,17,5,1,2,-0.23743955790996552
43,0.1,0.1,17,5,1,3,-0.06497064232826233
43,0.1,0.1,17,5,1,4,-0.13370168209075928
43,0.1,0.1,17,5,2,3,-0.2774040997028351
43,0.1,0.1,17,5,2,4,0.03265046328306198
43,0.1,0.1,17,5,3,4,-0.27715227007865906
43,0.1,0.1,18,5,0,1,0.27879658341407776
43,0.1,0.1,18,5,0,2,-0.18099220097064972
43,0.1,0.1,18,5,0,3,-0.3513583540916443
43,0.1,0.1,18,5,0,4,0.04409102350473404
43,0.1,0.1,18,5,1,2,-0.25137099623680115
43,0.1,0.1,18,5,1,3,-0.06568631529808044
43,0.1,0.1,18,5,1,4,-0.13817262649536133
43,0.1,0.1,18,5,2,3,-0.26788294315338135
43,0.1,0.1,18,5,2,4,0.04134654998779297
43,0.1,0.1,18,5,3,4,-0.28891000151634216
43,0.1,0.1,19,5,0,1,0.27889132499694824
43,0.1,0.1,19,5,0,2,-0.1812872737646103
43,0.1,0.1,19,5,0,3,-0.36767157912254333
43,0.1,0.1,19,5,0,4,0.062382716685533524
43,0.1,0.1,19,5,1,2,-0.24931617081165314
43,0.1,0.1,19,5,1,3,-0.09009075909852982
43,0.1,0.1,19,5,1,4,-0.12607605755329132
43,0.1,0.1,19,5,2,3,-0.23539307713508606
43,0.1,0.1,19,5,2,4,0.02213895134627819
43,0.1,0.1,19,5,3,4,-0.32102638483047485
43,0.1,0.1,20,5,0,1,0.25664129853248596
43,0.1,0.1,20,5,0,2,-0.20185725390911102
43,0.1,0.1,20,5,0,3,-0.3418847322463989
43,0.1,0.1,20,5,0,4,0.05900081619620323
43,0.1,0.1,20,5,1,2,-0.2496495395898819
43,0.1,0.1,20,5,1,3,-0.05669093504548073
43,0.1,0.1,20,5,1,4,-0.1559072881937027
43,0.1,0.1,20,5,2,3,-0.2994997203350067
43,0.1,0.1,20,5,2,4,0.031596001237630844
43,0.1,0.1,20,5,3,4,-0.3168129026889801
43,0.1,1.0,1,5,0,1,0.5865200757980347
43,0.1,1.0,1,5,0,2,0.12480326741933823
43,0.1,1.0,1,5,0,3,0.2363353967666626
43,0.1,1.0,1,5,0,4,0.3534085154533386
43,0.1,1.0,1,5,1,2,0.1890556514263153
43,0.1,1.0,1,5,1,3,0.45265063643455505
43,0.1,1.0,1,5,1,4,0.2876676321029663
43,0.1,1.0,1,5,2,3,0.22023999691009521
43,0.1,1.0,1,5,2,4,0.3326053321361542
43,0.1,1.0,1,5,3,4,0.42648831009864807
43,0.1,1.0,2,5,0,1,0.5428069829940796
43,0.1,1.0,2,5,0,2,0.018453994765877724
43,0.1,1.0,2,5,0,3,0.13956275582313538
43,0.1,1.0,2,5,0,4,0.3221169412136078
43,0.1,1.0,2,5,1,2,0.06254115700721741
43,0.1,1.0,2,5,1,3,0.4289804995059967
43,0.1,1.0,2,5,1,4,0.2396649867296219
43,0.1,1.0,2,5,2,3,0.17315413057804108
43,0.1,1.0,2,5,2,4,0.3033201992511749
43,0.1,1.0,2,5,3,4,0.35293611884117126
43,0.1,1.0,3,5,0,1,0.5355719923973083
43,0.1,1.0,3,5,0,2,-0.04759396240115166
43,0.1,1.0,3,5,0,3,0.02759224735200405
43,0.1,1.0,3,5,0,4,0.3122588098049164
43,0.1,1.0,3,5,1,2,-0.017815856263041496
43,0.1,1.0,3,5,1,3,0.3368373215198517
43,0.1,1.0,3,5,1,4,0.16769573092460632
43,0.1,1.0,3,5,2,3,0.13817855715751648
43,0.1,1.0,3,5,2,4,0.26568886637687683
43,0.1,1.0,3,5,3,4,0.21686230599880219
43,0.1,1.0,4,5,0,1,0.5197573900222778
43,0.1,1.0,4,5,0,2,-0.10361486673355103
43,0.1,1.0,4,5,0,3,-0.03952425718307495
43,0.1,1.0,4,5,0,4,0.24460485577583313
43,0.1,1.0,4,5,1,2,-0.07824847102165222
43,0.1,1.0,4,5,1,3,0.26307952404022217
43,0.1,1.0,4,5,1,4,0.10465578734874725
43,0.1,1.0,4,5,2,3,0.03092922270298004
43,0.1,1.0,4,5,2,4,0.23407934606075287
43,0.1,1.0,4,5,3,4,0.1402992308139801
43,0.1,1.0,5,5,0,1,0.48406174778938293
43,0.1,1.0,5,5,0,2,-0.1507503092288971
43,0.1,1.0,5,5,0,3,-0.12815417349338531
43,0.1,1.0,5,5,0,4,0.23018589615821838
43,0.1,1.0,5,5,1,2,-0.14244914054870605
43,0.1,1.0,5,5,1,3,0.2120441347360611
43,0.1,1.0,5,5,1,4,0.08955419063568115
43,0.1,1.0,5,5,2,3,-0.004897799808532
43,0.1,1.0,5,5,2,4,0.20615693926811218
43,0.1,1.0,5,5,3,4,0.01133623719215393
43,0.1,1.0,6,5,0,1,0.3694116473197937
43,0.1,1.0,6,5,0,2,-0.14550462365150452
43,0.1,1.0,6,5,0,3,-0.17498916387557983
43,0.1,1.0,6,5,0,4,0.21698987483978271
43,0.1,1.0,6,5,1,2,-0.15320783853530884
43,0.1,1.0,6,5,1,3,0.22725872695446014
43,0.1,1.0,6,5,1,4,-0.03035961464047432
43,0.1,1.0,6,5,2,3,-0.0651240274310112
43,0.1,1.0,6,5,2,4,0.1614602506160736
43,0.1,1.0,6,5,3,4,-0.043206650763750076
43,0.1,1.0,7,5,0,1,0.43884533643722534
43,0.1,1.0,7,5,0,2,-0.19588583707809448
43,0.1,1.0,7,5,0,3,-0.2254638820886612
43,0.1,1.0,7,5,0,4,0.1835084706544876
43,0.1,1.0,7,5,1,2,-0.21637746691703796
43,0.1,1.0,7,5,1,3,0.10684163123369217
43,0.1,1.0,7,5,1,4,-0.02450687810778618
43,0.1,1.0,7,5,2,3,-0.10293880105018616
43,0.1,1.0,7,5,2,4,0.17615726590156555
43,0.1,1.0,7,5,3,4,-0.10728495568037033
43,0.1,1.0,8,5,0,1,0.47923213243484497
43,0.1,1.0,8,5,0,2,-0.22167184948921204
43,0.1,1.0,8,5,0,3,-0.23945648968219757
43,0.1,1.0,8,5,0,4,0.17073655128479004
43,0.1,1.0,8,5,1,2,-0.22686737775802612
43,0.1,1.0,8,5,1,3,0.06968194991350174
43,0.1,1.0,8,5,1,4,-0.02218111790716648
43,0.1,1.0,8,5,2,3,-0.1367909461259842
43,0.1,1.0,8,5,2,4,0.0893712118268013
43,0.1,1.0,8,5,3,4,-0.16692790389060974
43,0.1,1.0,9,5,0,1,0.41978320479393005
43,0.1,1.0,9,5,0,2,-0.23334826529026031
43,0.1,1.0,9,5,0,3,-0.3060237169265747
43,0.1,1.0,9,5,0,4,0.13095566630363464
43,0.1,1.0,9,5,1,2,-0.24947470426559448
43,0.1,1.0,9,5,1,3,0.08677299320697784
43,0.1,1.0,9,5,1,4,-0.1002015545964241
43,0.1,1.0,9,5,2,3,-0.10711242258548737
43,0.1,1.0,9,5,2,4,0.07936379313468933
43,0.1,1.0,9,5,3,4,-0.23016095161437988
43,0.1,1.0,10,5,0,1,0.4208070635795593
43,0.1,1.0,10,5,0,2,-0.2570759654045105
43,0.1,1.0,10,5,0,3,-0.2930945158004761
43,0.1,1.0,10,5,0,4,0.11054708063602448
43,0.1,1.0,10,5,1,2,-0.243976429104805
43,0.1,1.0,10,5,1,3,0.005403077229857445
43,0.1,1.0,10,5,1,4,-0.09392208606004715
43,0.1,1.0,10,5,2,3,-0.24243849515914917
43,0.1,1.0,10,5,2,4,0.08013023436069489
43,0.1,1.0,10,5,3,4,-0.22496123611927032
43,0.1,1.0,11,5,0,1,0.4258882999420166
43,0.1,1.0,11,5,0,2,-0.25470104813575745
43,0.1,1.0,11,5,0,3,-0.36929547786712646
43,0.1,1.0,11,5,0,4,0.10010669380426407
43,0.1,1.0,11,5,1,2,-0.2723519504070282
43,0.1,1.0,11,5,1,3,0.0061502279713749886
43,0.1,1.0,11,5,1,4,-0.1733112782239914
43,0.1,1.0,11,5,2,3,-0.20231524109840393
43,0.1,1.0,11,5,2,4,0.05743847414851189
43,0.1,1.0,11,5,3,4,-0.21910221874713898
43,0.1,1.0,12,5,0,1,0.4002559781074524
43,0.1,1.0,12,5,0,2,-0.2590934634208679
43,0.1,1.0,12,5,0,3,-0.3963456451892853
43,0.1,1.0,12,5,0,4,0.13768239319324493
43,0.1,1.0,12,5,1,2,-0.29876670241355896
43,0.1,1.0,12,5,1,3,-0.01623379997909069
43,0.1,1.0,12,5,1,4,-0.12427344173192978
43,0.1,1.0,12,5,2,3,-0.1807875782251358
43,0.1,1.0,12,5,2,4,0.026270892471075058
43,0.1,1.0,12,5,3,4,-0.29673343896865845
43,0.1,1.0,13,5,0,1,0.3996396064758301
43,0.1,1.0,13,5,0,2,-0.2830033600330353
43,0.1,1.0,13,5,0,3,-0.36041590571403503
43,0.1,1.0,13,5,0,4,0.0665944442152977
43,0.1,1.0,13,5,1,2,-0.2988792657852173
43,0.1,1.0,13,5,1,3,0.03919302299618721
43,0.1,1.0,13,5,1,4,-0.2000977247953415
43,0.1,1.0,13,5,2,3,-0.21659132838249207
43,0.1,1.0,13,5,2,4,0.06522044539451599
43,0.1,1.0,13,5,3,4,-0.34274208545684814
43,0.1,1.0,14,5,0,1,0.4316686689853668
43,0.1,1.0,14,5,0,2,-0.28216755390167236
43,0.1,1.0,14,5,0,3,-0.4115378260612488
43,0.1,1.0,14,5,0,4,0.07060574740171432
43,0.1,1.0,14,5,1,2,-0.32018357515335083
43,0.1,1.0,14,5,1,3,-0.10303934663534164
43,0.1,1.0,14,5,1,4,-0.11335469037294388
43,0.1,1.0,14,5,2,3,-0.15154382586479187
43,0.1,1.0,14,5,2,4,0.02173732779920101
43,0.1,1.0,14,5,3,4,-0.3175848126411438
43,0.1,1.0,15,5,0,1,0.36870500445365906
43,0.1,1.0,15,5,0,2,-0.2893114387989044
43,0.1,1.0,15,5,0,3,-0.40823614597320557
43,0.1,1.0,15,5,0,4,0.12807728350162506
43,0.1,1.0,15,5,1,2,-0.3192444145679474
43,0.1,1.0,15,5,1,3,-0.05695546790957451
43,0.1,1.0,15,5,1,4,-0.171114981174469
43,0.1,1.0,15,5,2,3,-0.22436727583408356
43,0.1,1.0,15,5,2,4,0.04987579956650734
43,0.1,1.0,15,5,3,4,-0.3423408567905426
43,0.1,1.0,16,5,0,1,0.44616711139678955
43,0.1,1.0,16,5,0,2,-0.2812044024467468
43,0.1,1.0,16,5,0,3,-0.39326077699661255
43,0.1,1.0,16,5,0,4,0.10987883061170578
43,0.1,1.0,16,5,1,2,-0.3104572892189026
43,0.1,1.0,16,5,1,3,-0.056764792650938034
43,0.1,1.0,16,5,1,4,-0.17088502645492554
43,0.1,1.0,16,5,2,3,-0.2574408948421478
43,0.1,1.0,16,5,2,4,0.007984143681824207
43,0.1,1.0,16,5,3,4,-0.37713858485221863
43,0.1,1.0,17,5,0,1,0.42432913184165955
43,0.1,1.0,17,5,0,2,-0.311252236366272
43,0.1,1.0,17,5,0,3,-0.38858863711357117
43,0.1,1.0,17,5,0,4,0.08351961523294449
43,0.1,1.0,17,5,1,2,-0.28418809175491333
43,0.1,1.0,17,5,1,3,-0.15000197291374207
43,0.1,1.0,17,5,1,4,-0.11506754904985428
43,0.1,1.0,17,5,2,3,-0.3005104959011078
43,0.1,1.0,17,5,2,4,0.03258349001407623
43,0.1,1.0,17,5,3,4,-0.34650227427482605
43,0.1,1.0,18,5,0,1,0.39462846517562866
43,0.1,1.0,18,5,0,2,-0.29801496863365173
43,0.1,1.0,18,5,0,3,-0.4337981939315796
43,0.1,1.0,18,5,0,4,0.02888825535774231
43,0.1,1.0,18,5,1,2,-0.33345451951026917
43,0.1,1.0,18,5,1,3,-0.0949196070432663
43,0.1,1.0,18,5,1,4,-0.1810883730649948
43,0.1,1.0,18,5,2,3,-0.20015309751033783
43,0.1,1.0,18,5,2,4,0.025346335023641586
43,0.1,1.0,18,5,3,4,-0.34944814443588257
43,0.1,1.0,19,5,0,1,0.3999296724796295
43,0.1,1.0,19,5,0,2,-0.29385823011398315
43,0.1,1.0,19,5,0,3,-0.47780534625053406
43,0.1,1.0,19,5,0,4,0.08364386111497879
43,0.1,1.0,19,5,1,2,-0.3303012549877167
43,0.1,1.0,19,5,1,3,-0.1667773723602295
43,0.1,1.0,19,5,1,4,-0.16201971471309662
43,0.1,1.0,19,5,2,3,-0.19277215003967285
43,0.1,1.0,19,5,2,4,-0.020642008632421494
43,0.1,1.0,19,5,3,4,-0.34677284955978394
43,0.1,1.0,20,5,0,1,0.3498757481575012
43,0.1,1.0,20,5,0,2,-0.31430643796920776
43,0.1,1.0,20,5,0,3,-0.3957512080669403
43,0.1,1.0,20,5,0,4,0.09144319593906403
43,0.1,1.0,20,5,1,2,-0.2477448433637619
43,0.1,1.0,20,5,1,3,-0.05616598576307297
43,0.1,1.0,20,5,1,4,-0.2666565477848053
43,0.1,1.0,20,5,2,3,-0.3065947890281677
43,0.1,1.0,20,5,2,4,0.007906519807875156
43,0.1,1.0,20,5,3,4,-0.3941892981529236
44,0.1,0.0,1,5,0,1,0.002575961872935295
44,0.1,0.0,1,5,0,2,0.004698841366916895
44,0.1,0.0,1,5,0,3,0.020625481382012367
44,0.1,0.0,1,5,0,4,0.5302101373672485
44,0.1,0.0,1,5,1,2,0.211999773979187
44,0.1,0.0,1,5,1,3,0.34156334400177
44,0.1,0.0,1,5,1,4,0.18738384544849396
44,0.1,0.0,1,5,2,3,0.09246136248111725
44,0.1,0.0,1,5,2,4,0.401030570268631
44,0.1,0.0,1,5,3,4,0.2146824300289154
44,0.1,0.0,2,5,0,1,0.034978292882442474
44,0.1,0.0,2,5,0,2,0.17687535285949707
44,0.1,0.0,2,5,0,3,-0.05245222523808479
44,0.1,0.0,2,5,0,4,0.690549373626709
44,0.1,0.0,2,5,1,2,0.21414421498775482
44,0.1,0.0,2,5,1,3,0.08180003613233566
44,0.1,0.0,2,5,1,4,0.17209382355213165
44,0.1,0.0,2,5,2,3,-0.03659820184111595
44,0.1,0.0,2,5,2,4,0.425735741853714
44,0.1,0.0,2,5,3,4,0.014628232456743717
44,0.1,0.0,3,5,0,1,0.07643087208271027
44,0.1,0.0,3,5,0,2,0.22300481796264648
44,0.1,0.0,3,5,0,3,-0.10537897050380707
44,0.1,0.0,3,5,0,4,0.7508176565170288
44,0.1,0.0,3,5,1,2,0.21643026173114777
44,0.1,0.0,3,5,1,3,-0.09106642007827759
44,0.1,0.0,3,5,1,4,0.13941742479801178
44,0.1,0.0,3,5,2,3,-0.16643020510673523
44,0.1,0.0,3,5,2,4,0.4253253936767578
44,0.1,0.0,3,5,3,4,-0.11238781362771988
44,0.1,0.0,4,5,0,1,0.06690996140241623
44,0.1,0.0,4,5,0,2,0.24134427309036255
44,0.1,0.0,4,5,0,3,-0.11784756928682327
44,0.1,0.0,4,5,0,4,0.7577970027923584
44,0.1,0.0,4,5,1,2,0.19609446823596954
44,0.1,0.0,4,5,1,3,-0.1888338178396225
44,0.1,0.0,4,5,1,4,0.10776267200708389
44,0.1,0.0,4,5,2,3,-0.20847934484481812
44,0.1,0.0,4,5,2,4,0.44052761793136597
44,0.1,0.0,4,5,3,4,-0.14676529169082642
44,0.1,0.0,5,5,0,1,0.040432728826999664
44,0.1,0.0,5,5,0,2,0.229700967669487
44,0.1,0.0,5,5,0,3,-0.14507697522640228
44,0.1,0.0,5,5,0,4,0.7399511933326721
44,0.1,0.0,5,5,1,2,0.19406092166900635
44,0.1,0.0,5,5,1,3,-0.24597789347171783
44,0.1,0.0,5,5,1,4,0.07082997262477875
44,0.1,0.0,5,5,2,3,-0.24884967505931854
44,0.1,0.0,5,5,2,4,0.43677935004234314
44,0.1,0.0,5,5,3,4,-0.1760442852973938
44,0.1,0.0,6,5,0,1,0.022203339263796806
44,0.1,0.0,6,5,0,2,0.22752906382083893
44,0.1,0.0,6,5,0,3,-0.1589498072862625
44,0.1,0.0,6,5,0,4,0.7296874523162842
44,0.1,0.0,6,5,1,2,0.162170872092247
44,0.1,0.0,6,5,1,3,-0.2897845208644867
44,0.1,0.0,6,5,1,4,0.038313403725624084
44,0.1,0.0,6,5,2,3,-0.26765176653862
44,0.1,0.0,6,5,2,4,0.4455467760562897
44,0.1,0.0,6,5,3,4,-0.191148579120636
44,0.1,0.0,7,5,0,1,0.017564905807375908
44,0.1,0.0,7,5,0,2,0.22955092787742615
44,0.1,0.0,7,5,0,3,-0.16765719652175903
44,0.1,0.0,7,5,0,4,0.7275776267051697
44,0.1,0.0,7,5,1,2,0.2028033435344696
44,0.1,0.0,7,5,1,3,-0.332098126411438
44,0.1,0.0,7,5,1,4,0.032411154359579086
44,0.1,0.0,7,5,2,3,-0.28041383624076843
44,0.1,0.0,7,5,2,4,0.4280729591846466
44,0.1,0.0,7,5,3,4,-0.21057377755641937
44,0.1,0.0,8,5,0,1,-0.004370127338916063
44,0.1,0.0,8,5,0,2,0.21296384930610657
44,0.1,0.0,8,5,0,3,-0.17745371162891388
44,0.1,0.0,8,5,0,4,0.7257469892501831
44,0.1,0.0,8,5,1,2,0.17115317285060883
44,0.1,0.0,8,5,1,3,-0.36039215326309204
44,0.1,0.0,8,5,1,4,0.004396434407681227
44,0.1,0.0,8,5,2,3,-0.2932637929916382
44,0.1,0.0,8,5,2,4,0.428043007850647
44,0.1,0.0,8,5,3,4,-0.2159678190946579
44,0.1,0.0,9,5,0,1,-0.008275448344647884
44,0.1,0.0,9,5,0,2,0.2144201099872589
44,0.1,0.0,9,5,0,3,-0.18588300049304962
44,0.1,0.0,9,5,0,4,0.7319799065589905
44,0.1,0.0,9,5,1,2,0.16522419452667236
44,0.1,0.0,9,5,1,3,-0.39028531312942505
44,0.1,0.0,9,5,1,4,-0.0053569781593978405
44,0.1,0.0,9,5,2,3,-0.31005242466926575
44,0.1,0.0,9,5,2,4,0.425579309463501
44,0.1,0.0,9,5,3,4,-0.23223310708999634
44,0.1,0.0,10,5,0,1,-0.017738329246640205
44,0.1,0.0,10,5,0,2,0.22405467927455902
44,0.1,0.0,10,5,0,3,-0.19660568237304688
44,0.1,0.0,10,5,0,4,0.7236246466636658
44,0.1,0.0,10,5,1,2,0.15558533370494843
44,0.1,0.0,10,5,1,3,-0.4100881516933441
44,0.1,0.0,10,5,1,4,-0.023719951510429382
44,0.1,0.0,10,5,2,3,-0.3078719973564148
44,0.1,0.0,10,5,2,4,0.4434649348258972
44,0.1,0.0,10,5,3,4,-0.23098011314868927
44,0.1,0.0,11,5,0,1,-0.006605351809412241
44,0.1,0.0,11,5,0,2,0.22740797698497772
44,0.1,0.0,11,5,0,3,-0.19936104118824005
44,0.1,0.0,11,5,0,4,0.719889223575592
44,0.1,0.0,11,5,1,2,0.20595315098762512
44,0.1,0.0,11,5,1,3,-0.4502200782299042
44,0.1,0.0,11,5,1,4,-0.014249816536903381
44,0.1,0.0,11,5,2,3,-0.3185780942440033
44,0.1,0.0,11,5,2,4,0.43934983015060425
44,0.1,0.0,11,5,3,4,-0.2327088862657547
44,0.1,0.0,12,5,0,1,-0.015576744452118874
44,0.1,0.0,12,5,0,2,0.21513238549232483
44,0.1,0.0,12,5,0,3,-0.20129889249801636
44,0.1,0.0,12,5,0,4,0.7291971445083618
44,0.1,0.0,12,5,1,2,0.19028103351593018
44,0.1,0.0,12,5,1,3,-0.46766266226768494
44,0.1,0.0,12,5,1,4,-0.018756192177534103
44,0.1,0.0,12,5,2,3,-0.33254700899124146
44,0.1,0.0,12,5,2,4,0.4234955608844757
44,0.1,0.0,12,5,3,4,-0.24544627964496613
44,0.1,0.0,13,5,0,1,-0.02521400898694992
44,0.1,0.0,13,5,0,2,0.20959080755710602
44,0.1,0.0,13,5,0,3,-0.21107755601406097
44,0.1,0.0,13,5,0,4,0.7340618371963501
44,0.1,0.0,13,5,1,2,0.20938479900360107
44,0.1,0.0,13,5,1,3,-0.48885443806648254
44,0.1,0.0,13,5,1,4,-0.02457856573164463
44,0.1,0.0,13,5,2,3,-0.3434308171272278
44,0.1,0.0,13,5,2,4,0.4131947457790375
44,0.1,0.0,13,5,3,4,-0.25477537512779236
44,0.1,0.0,14,5,0,1,-0.020107192918658257
44,0.1,0.0,14,5,0,2,0.21450532972812653
44,0.1,0.0,14,5,0,3,-0.21147234737873077
44,0.1,0.0,14,5,0,4,0.7297483086585999
44,0.1,0.0,14,5,1,2,0.20272383093833923
44,0.1,0.0,14,5,1,3,-0.4950876533985138
44,0.1,0.0,14,5,1,4,-0.016714738681912422
44,0.1,0.0,14,5,2,3,-0.36371687054634094
44,0.1,0.0,14,5,2,4,0.42184942960739136
44,0.1,0.0,14,5,3,4,-0.2808147370815277
44,0.1,0.0,15,5,0,1,-0.030411165207624435
44,0.1,0.0,15,5,0,2,0.21451258659362793
44,0.1,0.0,15,5,0,3,-0.22192592918872833
44,0.1,0.0,15,5,0,4,0.7298688292503357
44,0.1,0.0,15,5,1,2,0.20302848517894745
44,0.1,0.0,15,5,1,3,-0.5257322192192078
44,0.1,0.0,15,5,1,4,-0.03302996605634689
44,0.1,0.0,15,5,2,3,-0.3658377528190613
44,0.1,0.0,15,5,2,4,0.4231627285480499
44,0.1,0.0,15,5,3,4,-0.2594323456287384
44,0.1,0.0,16,5,0,1,-0.021292157471179962
44,0.1,0.0,16,5,0,2,0.22475582361221313
44,0.1,0.0,16,5,0,3,-0.22911740839481354
44,0.1,0.0,16,5,0,4,0.7314592599868774
44,0.1,0.0,16,5,1,2,0.20247985422611237
44,0.1,0.0,16,5,1,3,-0.5299983024597168
44,0.1,0.0,16,5,1,4,-0.033627718687057495
44,0.1,0.0,16,5,2,3,-0.3741229474544525
44,0.1,0.0,16,5,2,4,0.41832640767097473
44,0.1,0.0,16,5,3,4,-0.27961912751197815
44,0.1,0.0,17,5,0,1,-0.020837977528572083
44,0.1,0.0,17,5,0,2,0.2185991406440735
44,0.1,0.0,17,5,0,3,-0.23092429339885712
44,0.1,0.0,17,5,0,4,0.7257434129714966
44,0.1,0.0,17,5,1,2,0.22762085497379303
44,0.1,0.0,17,5,1,3,-0.5504742860794067
44,0.1,0.0,17,5,1,4,-0.024133484810590744
44,0.1,0.0,17,5,2,3,-0.39031487703323364
44,0.1,0.0,17,5,2,4,0.4258010983467102
44,0.1,0.0,17,5,3,4,-0.2892644703388214
44,0.1,0.0,18,5,0,1,-0.024828588590025902
44,0.1,0.0,18,5,0,2,0.2273130565881729
44,0.1,0.0,18,5,0,3,-0.23036730289459229
44,0.1,0.0,18,5,0,4,0.7398762702941895
44,0.1,0.0,18,5,1,2,0.211229607462883
44,0.1,0.0,18,5,1,3,-0.5493571162223816
44,0.1,0.0,18,5,1,4,-0.03754330426454544
44,0.1,0.0,18,5,2,3,-0.37453505396842957
44,0.1,0.0,18,5,2,4,0.41050782799720764
44,0.1,0.0,18,5,3,4,-0.27995583415031433
44,0.1,0.0,19,5,0,1,-0.03190505504608154
44,0.1,0.0,19,5,0,2,0.221632719039917
44,0.1,0.0,19,5,0,3,-0.23738878965377808
44,0.1,0.0,19,5,0,4,0.7431383728981018
44,0.1,0.0,19,5,1,2,0.21012862026691437
44,0.1,0.0,19,5,1,3,-0.5624324679374695
44,0.1,0.0,19,5,1,4,-0.035971786826848984
44,0.1,0.0,19,5,2,3,-0.39940255880355835
44,0.1,0.0,19,5,2,4,0.4009380340576172
44,0.1,0.0,19,5,3,4,-0.29267770051956177
44,0.1,0.0,20,5,0,1,-0.03467436134815216
44,0.1,0.0,20,5,0,2,0.22783972322940826
44,0.1,0.0,20,5,0,3,-0.2348296195268631
44,0.1,0.0,20,5,0,4,0.7323695421218872
44,0.1,0.0,20,5,1,2,0.21568427979946136
44,0.1,0.0,20,5,1,3,-0.5833638310432434
44,0.1,0.0,20,5,1,4,-0.04618152603507042
44,0.1,0.0,20,5,2,3,-0.3892703950405121
44,0.1,0.0,20,5,2,4,0.42559489607810974
44,0.1,0.0,20,5,3,4,-0.28671160340309143
44,0.1,0.1,1,5,0,1,-0.004290632903575897
44,0.1,0.1,1,5,0,2,0.008072190918028355
44,0.1,0.1,1,5,0,3,0.03009411320090294
44,0.1,0.1,1,5,0,4,0.536194384098053
44,0.1,0.1,1,5,1,2,0.22709794342517853
44,0.1,0.1,1,5,1,3,0.35605233907699585
44,0.1,0.1,1,5,1,4,0.18945088982582092
44,0.1,0.1,1,5,2,3,0.11392080038785934
44,0.1,0.1,1,5,2,4,0.41092240810394287
44,0.1,0.1,1,5,3,4,0.23921361565589905
44,0.1,0.1,2,5,0,1,-0.01212726254016161
44,0.1,0.1,2,5,0,2,0.09322405606508255
44,0.1,0.1,2,5,0,3,-0.014266148209571838
44,0.1,0.1,2,5,0,4,0.6385794878005981
44,0.1,0.1,2,5,1,2,0.20544348657131195
44,0.1,0.1,2,5,1,3,0.16073301434516907
44,0.1,0.1,2,5,1,4,0.1746208816766739
44,0.1,0.1,2,5,2,3,0.03863425552845001
44,0.1,0.1,2,5,2,4,0.41170111298561096
44,0.1,0.1,2,5,3,4,0.09508716315031052
44,0.1,0.1,3,5,0,1,0.019870620220899582
44,0.1,0.1,3,5,0,2,0.1572638899087906
44,0.1,0.1,3,5,0,3,-0.09012830257415771
44,0.1,0.1,3,5,0,4,0.711793839931488
44,0.1,0.1,3,5,1,2,0.19436345994472504
44,0.1,0.1,3,5,1,3,-0.005381661932915449
44,0.1,0.1,3,5,1,4,0.12340959161520004
44,0.1,0.1,3,5,2,3,-0.11187580972909927
44,0.1,0.1,3,5,2,4,0.3885570764541626
44,0.1,0.1,3,5,3,4,-0.05976307764649391
44,0.1,0.1,4,5,0,1,0.026148373261094093
44,0.1,0.1,4,5,0,2,0.1994796246290207
44,0.1,0.1,4,5,0,3,-0.09414871782064438
44,0.1,0.1,4,5,0,4,0.7366667985916138
44,0.1,0.1,4,5,1,2,0.17884114384651184
44,0.1,0.1,4,5,1,3,-0.13589772582054138
44,0.1,0.1,4,5,1,4,0.09484943002462387
44,0.1,0.1,4,5,2,3,-0.1710100919008255
44,0.1,0.1,4,5,2,4,0.4031260311603546
44,0.1,0.1,4,5,3,4,-0.11619989573955536
44,0.1,0.1,5,5,0,1,0.0148509806022048
44,0.1,0.1,5,5,0,2,0.19533833861351013
44,0.1,0.1,5,5,0,3,-0.1264210343360901
44,0.1,0.1,5,5,0,4,0.7309751510620117
44,0.1,0.1,5,5,1,2,0.1736041009426117
44,0.1,0.1,5,5,1,3,-0.21089822053909302
44,0.1,0.1,5,5,1,4,0.059276994317770004
44,0.1,0.1,5,5,2,3,-0.22935350239276886
44,0.1,0.1,5,5,2,4,0.3993998169898987
44,0.1,0.1,5,5,3,4,-0.15859141945838928
44,0.1,0.1,6,5,0,1,0.0030831857584416866
44,0.1,0.1,6,5,0,2,0.19848483800888062
44,0.1,0.1,6,5,0,3,-0.14182347059249878
44,0.1,0.1,6,5,0,4,0.7212510704994202
44,0.1,0.1,6,5,1,2,0.12590301036834717
44,0.1,0.1,6,5,1,3,-0.26215529441833496
44,0.1,0.1,6,5,1,4,0.023753849789500237
44,0.1,0.1,6,5,2,3,-0.252946674823761
44,0.1,0.1,6,5,2,4,0.41020309925079346
44,0.1,0.1,6,5,3,4,-0.18053708970546722
44,0.1,0.1,7,5,0,1,-0.007076100446283817
44,0.1,0.1,7,5,0,2,0.19990099966526031
44,0.1,0.1,7,5,0,3,-0.136402890086174
44,0.1,0.1,7,5,0,4,0.7136522531509399
44,0.1,0.1,7,5,1,2,0.16662701964378357
44,0.1,0.1,7,5,1,3,-0.30928897857666016
44,0.1,0.1,7,5,1,4,0.009549184702336788
44,0.1,0.1,7,5,2,3,-0.27013450860977173
44,0.1,0.1,7,5,2,4,0.39038506150245667
44,0.1,0.1,7,5,3,4,-0.205382838845253
44,0.1,0.1,8,5,0,1,-0.04129251837730408
44,0.1,0.1,8,5,0,2,0.17579792439937592
44,0.1,0.1,8,5,0,3,-0.15788422524929047
44,0.1,0.1,8,5,0,4,0.7118980884552002
44,0.1,0.1,8,5,1,2,0.11984378099441528
44,0.1,0.1,8,5,1,3,-0.3287706673145294
44,0.1,0.1,8,5,1,4,-0.02858121506869793
44,0.1,0.1,8,5,2,3,-0.2808041274547577
44,0.1,0.1,8,5,2,4,0.3879390060901642
44,0.1,0.1,8,5,3,4,-0.20797254145145416
44,0.1,0.1,9,5,0,1,-0.05044516175985336
44,0.1,0.1,9,5,0,2,0.17037826776504517
44,0.1,0.1,9,5,0,3,-0.14805981516838074
44,0.1,0.1,9,5,0,4,0.7151426076889038
44,0.1,0.1,9,5,1,2,0.11613433808088303
44,0.1,0.1,9,5,1,3,-0.3613916039466858
44,0.1,0.1,9,5,1,4,-0.041389238089323044
44,0.1,0.1,9,5,2,3,-0.2876432240009308
44,0.1,0.1,9,5,2,4,0.3830794394016266
44,0.1,0.1,9,5,3,4,-0.22662490606307983
44,0.1,0.1,10,5,0,1,-0.07410203665494919
44,0.1,0.1,10,5,0,2,0.17543268203735352
44,0.1,0.1,10,5,0,3,-0.1684727519750595
44,0.1,0.1,10,5,0,4,0.698095440864563
44,0.1,0.1,10,5,1,2,0.050702568143606186
44,0.1,0.1,10,5,1,3,-0.3456084132194519
44,0.1,0.1,10,5,1,4,-0.08517390489578247
44,0.1,0.1,10,5,2,3,-0.2935936748981476
44,0.1,0.1,10,5,2,4,0.408981055021286
44,0.1,0.1,10,5,3,4,-0.2284674197435379
44,0.1,0.1,11,5,0,1,-0.056077126413583755
44,0.1,0.1,11,5,0,2,0.19280201196670532
44,0.1,0.1,11,5,0,3,-0.16184905171394348
44,0.1,0.1,11,5,0,4,0.6972368955612183
44,0.1,0.1,11,5,1,2,0.16931860148906708
44,0.1,0.1,11,5,1,3,-0.41603466868400574
44,0.1,0.1,11,5,1,4,-0.052586402744054794
44,0.1,0.1,11,5,2,3,-0.290129154920578
44,0.1,0.1,11,5,2,4,0.41498124599456787
44,0.1,0.1,11,5,3,4,-0.2227533906698227
44,0.1,0.1,12,5,0,1,-0.06517276167869568
44,0.1,0.1,12,5,0,2,0.17016415297985077
44,0.1,0.1,12,5,0,3,-0.16691946983337402
44,0.1,0.1,12,5,0,4,0.7039806842803955
44,0.1,0.1,12,5,1,2,0.13835228979587555
44,0.1,0.1,12,5,1,3,-0.43051156401634216
44,0.1,0.1,12,5,1,4,-0.056948062032461166
44,0.1,0.1,12,5,2,3,-0.30661800503730774
44,0.1,0.1,12,5,2,4,0.39150264859199524
44,0.1,0.1,12,5,3,4,-0.23579005897045135
44,0.1,0.1,13,5,0,1,-0.07808556407690048
44,0.1,0.1,13,5,0,2,0.1563793122768402
44,0.1,0.1,13,5,0,3,-0.17450596392154694
44,0.1,0.1,13,5,0,4,0.7056583166122437
44,0.1,0.1,13,5,1,2,0.1837349832057953
44,0.1,0.1,13,5,1,3,-0.4534096121788025
44,0.1,0.1,13,5,1,4,-0.062482889741659164
44,0.1,0.1,13,5,2,3,-0.3239210247993469
44,0.1,0.1,13,5,2,4,0.37363865971565247
44,0.1,0.1,13,5,3,4,-0.24162885546684265
44,0.1,0.1,14,5,0,1,-0.07882312685251236
44,0.1,0.1,14,5,0,2,0.15459975600242615
44,0.1,0.1,14,5,0,3,-0.16624736785888672
44,0.1,0.1,14,5,0,4,0.6964873671531677
44,0.1,0.1,14,5,1,2,0.14241227507591248
44,0.1,0.1,14,5,1,3,-0.4431052803993225
44,0.1,0.1,14,5,1,4,-0.06692170351743698
44,0.1,0.1,14,5,2,3,-0.3521715998649597
44,0.1,0.1,14,5,2,4,0.3803864121437073
44,0.1,0.1,14,5,3,4,-0.2746509611606598
44,0.1,0.1,15,5,0,1,-0.09604685753583908
44,0.1,0.1,15,5,0,2,0.1594124436378479
44,0.1,0.1,15,5,0,3,-0.1831313967704773
44,0.1,0.1,15,5,0,4,0.694622278213501
44,0.1,0.1,15,5,1,2,0.14043699204921722
44,0.1,0.1,15,5,1,3,-0.4747135639190674
44,0.1,0.1,15,5,1,4,-0.09249278157949448
44,0.1,0.1,15,5,2,3,-0.34234920144081116
44,0.1,0.1,15,5,2,4,0.3843422532081604
44,0.1,0.1,15,5,3,4,-0.23701971769332886
44,0.1,0.1,16,5,0,1,-0.07877036929130554
44,0.1,0.1,16,5,0,2,0.1709897816181183
44,0.1,0.1,16,5,0,3,-0.1834593415260315
44,0.1,0.1,16,5,0,4,0.6969819068908691
44,0.1,0.1,16,5,1,2,0.13828349113464355
44,0.1,0.1,16,5,1,3,-0.48136672377586365
44,0.1,0.1,16,5,1,4,-0.08688309788703918
44,0.1,0.1,16,5,2,3,-0.3389090597629547
44,0.1,0.1,16,5,2,4,0.3844517171382904
44,0.1,0.1,16,5,3,4,-0.25195345282554626
44,0.1,0.1,17,5,0,1,-0.07881668955087662
44,0.1,0.1,17,5,0,2,0.16104471683502197
44,0.1,0.1,17,5,0,3,-0.19772598147392273
44,0.1,0.1,17,5,0,4,0.6879895925521851
44,0.1,0.1,17,5,1,2,0.16884620487689972
44,0.1,0.1,17,5,1,3,-0.5009377002716064
44,0.1,0.1,17,5,1,4,-0.0744299367070198
44,0.1,0.1,17,5,2,3,-0.3645743429660797
44,0.1,0.1,17,5,2,4,0.3908999562263489
44,0.1,0.1,17,5,3,4,-0.27201858162879944
44,0.1,0.1,18,5,0,1,-0.07970155775547028
44,0.1,0.1,18,5,0,2,0.18167231976985931
44,0.1,0.1,18,5,0,3,-0.18303877115249634
44,0.1,0.1,18,5,0,4,0.7102131843566895
44,0.1,0.1,18,5,1,2,0.1531645655632019
44,0.1,0.1,18,5,1,3,-0.49778658151626587
44,0.1,0.1,18,5,1,4,-0.0930655226111412
44,0.1,0.1,18,5,2,3,-0.33610671758651733
44,0.1,0.1,18,5,2,4,0.3685579001903534
44,0.1,0.1,18,5,3,4,-0.25107431411743164
44,0.1,0.1,19,5,0,1,-0.08844135701656342
44,0.1,0.1,19,5,0,2,0.16517356038093567
44,0.1,0.1,19,5,0,3,-0.1882254034280777
44,0.1,0.1,19,5,0,4,0.7145147919654846
44,0.1,0.1,19,5,1,2,0.14704057574272156
44,0.1,0.1,19,5,1,3,-0.5037522315979004
44,0.1,0.1,19,5,1,4,-0.08497276902198792
44,0.1,0.1,19,5,2,3,-0.3770178258419037
44,0.1,0.1,19,5,2,4,0.3686613440513611
44,0.1,0.1,19,5,3,4,-0.2814154326915741
44,0.1,0.1,20,5,0,1,-0.09590007364749908
44,0.1,0.1,20,5,0,2,0.17015351355075836
44,0.1,0.1,20,5,0,3,-0.1800314337015152
44,0.1,0.1,20,5,0,4,0.6925398111343384
44,0.1,0.1,20,5,1,2,0.15532177686691284
44,0.1,0.1,20,5,1,3,-0.5276321768760681
44,0.1,0.1,20,5,1,4,-0.1038503497838974
44,0.1,0.1,20,5,2,3,-0.34424889087677
44,0.1,0.1,20,5,2,4,0.38938963413238525
44,0.1,0.1,20,5,3,4,-0.25576168298721313
44,0.1,1.0,1,5,0,1,-0.028548169881105423
44,0.1,1.0,1,5,0,2,0.012094153091311455
44,0.1,1.0,1,5,0,3,0.031649090349674225
44,0.1,1.0,1,5,0,4,0.6216938495635986
44,0.1,1.0,1,5,1,2,0.22871345281600952
44,0.1,1.0,1,5,1,3,0.3219829201698303
44,0.1,1.0,1,5,1,4,0.08623211830854416
44,0.1,1.0,1,5,2,3,0.08871537446975708
44,0.1,1.0,1,5,2,4,0.3026702404022217
44,0.1,1.0,1,5,3,4,0.2144288718700409
44,0.1,1.0,2,5,0,1,-0.05282609537243843
44,0.1,1.0,2,5,0,2,0.015910789370536804
44,0.1,1.0,2,5,0,3,0.040459442883729935
44,0.1,1.0,2,5,0,4,0.6827172040939331
44,0.1,1.0,2,5,1,2,0.2264665961265564
44,0.1,1.0,2,5,1,3,0.15415652096271515
44,0.1,1.0,2,5,1,4,0.07794933766126633
44,0.1,1.0,2,5,2,3,0.02838793769478798
44,0.1,1.0,2,5,2,4,0.36093512177467346
44,0.1,1.0,2,5,3,4,0.14394046366214752
44,0.1,1.0,3,5,0,1,-0.06036600098013878
44,0.1,1.0,3,5,0,2,0.03141007944941521
44,0.1,1.0,3,5,0,3,-0.012322716414928436
44,0.1,1.0,3,5,0,4,0.7335485816001892
44,0.1,1.0,3,5,1,2,0.208323135972023
44,0.1,1.0,3,5,1,3,0.03530437499284744
44,0.1,1.0,3,5,1,4,0.05032650753855705
44,0.1,1.0,3,5,2,3,-0.06438567489385605
44,0.1,1.0,3,5,2,4,0.3615726828575134
44,0.1,1.0,3,5,3,4,0.029781542718410492
44,0.1,1.0,4,5,0,1,-0.07958714663982391
44,0.1,1.0,4,5,0,2,0.06377153098583221
44,0.1,1.0,4,5,0,3,-0.024643009528517723
44,0.1,1.0,4,5,0,4,0.7567102909088135
44,0.1,1.0,4,5,1,2,0.22375889122486115
44,0.1,1.0,4,5,1,3,-0.10737729072570801
44,0.1,1.0,4,5,1,4,0.04124064743518829
44,0.1,1.0,4,5,2,3,-0.1251404583454132
44,0.1,1.0,4,5,2,4,0.37450850009918213
44,0.1,1.0,4,5,3,4,-0.03159043565392494
44,0.1,1.0,5,5,0,1,-0.07640650868415833
44,0.1,1.0,5,5,0,2,0.06396061927080154
44,0.1,1.0,5,5,0,3,-0.08171339333057404
44,0.1,1.0,5,5,0,4,0.7720950245857239
44,0.1,1.0,5,5,1,2,0.22331005334854126
44,0.1,1.0,5,5,1,3,-0.2106039971113205
44,0.1,1.0,5,5,1,4,0.024036431685090065
44,0.1,1.0,5,5,2,3,-0.20871834456920624
44,0.1,1.0,5,5,2,4,0.3633717894554138
44,0.1,1.0,5,5,3,4,-0.08684976398944855
44,0.1,1.0,6,5,0,1,-0.05864771455526352
44,0.1,1.0,6,5,0,2,0.08661039918661118
44,0.1,1.0,6,5,0,3,-0.09885348379611969
44,0.1,1.0,6,5,0,4,0.7767084836959839
44,0.1,1.0,6,5,1,2,0.18464548885822296
44,0.1,1.0,6,5,1,3,-0.3010176420211792
44,0.1,1.0,6,5,1,4,0.008253799751400948
44,0.1,1.0,6,5,2,3,-0.26512399315834045
44,0.1,1.0,6,5,2,4,0.36292126774787903
44,0.1,1.0,6,5,3,4,-0.13817286491394043
44,0.1,1.0,7,5,0,1,-0.07442651689052582
44,0.1,1.0,7,5,0,2,0.10007959604263306
44,0.1,1.0,7,5,0,3,-0.09953053295612335
44,0.1,1.0,7,5,0,4,0.7731132507324219
44,0.1,1.0,7,5,1,2,0.2168477475643158
44,0.1,1.0,7,5,1,3,-0.37076687812805176
44,0.1,1.0,7,5,1,4,-0.004833487328141928
44,0.1,1.0,7,5,2,3,-0.30613821744918823
44,0.1,1.0,7,5,2,4,0.35164299607276917
44,0.1,1.0,7,5,3,4,-0.1904858946800232
44,0.1,1.0,8,5,0,1,-0.0931580513715744
44,0.1,1.0,8,5,0,2,0.08940368890762329
44,0.1,1.0,8,5,0,3,-0.15024864673614502
44,0.1,1.0,8,5,0,4,0.7683150768280029
44,0.1,1.0,8,5,1,2,0.14024236798286438
44,0.1,1.0,8,5,1,3,-0.3972117304801941
44,0.1,1.0,8,5,1,4,-0.044879134744405746
44,0.1,1.0,8,5,2,3,-0.3273647725582123
44,0.1,1.0,8,5,2,4,0.331927627325058
44,0.1,1.0,8,5,3,4,-0.18745151162147522
44,0.1,1.0,9,5,0,1,-0.08708295971155167
44,0.1,1.0,9,5,0,2,0.11648678034543991
44,0.1,1.0,9,5,0,3,-0.1136353388428688
44,0.1,1.0,9,5,0,4,0.7779098153114319
44,0.1,1.0,9,5,1,2,0.17466863989830017
44,0.1,1.0,9,5,1,3,-0.4666789770126343
44,0.1,1.0,9,5,1,4,-0.04569761082530022
44,0.1,1.0,9,5,2,3,-0.3340741693973541
44,0.1,1.0,9,5,2,4,0.34381207823753357
44,0.1,1.0,9,5,3,4,-0.2338869273662567
44,0.1,1.0,10,5,0,1,-0.11364350467920303
44,0.1,1.0,10,5,0,2,0.1121092364192009
44,0.1,1.0,10,5,0,3,-0.14825020730495453
44,0.1,1.0,10,5,0,4,0.7627112865447998
44,0.1,1.0,10,5,1,2,0.020555026829242706
44,0.1,1.0,10,5,1,3,-0.42990565299987793
44,0.1,1.0,10,5,1,4,-0.12240155786275864
44,0.1,1.0,10,5,2,3,-0.35893580317497253
44,0.1,1.0,10,5,2,4,0.37179458141326904
44,0.1,1.0,10,5,3,4,-0.25868767499923706
44,0.1,1.0,11,5,0,1,-0.0925542414188385
44,0.1,1.0,11,5,0,2,0.12815019488334656
44,0.1,1.0,11,5,0,3,-0.1378222554922104
44,0.1,1.0,11,5,0,4,0.7551486492156982
44,0.1,1.0,11,5,1,2,0.18972529470920563
44,0.1,1.0,11,5,1,3,-0.5134807825088501
44,0.1,1.0,11,5,1,4,-0.07896576076745987
44,0.1,1.0,11,5,2,3,-0.3416295647621155
44,0.1,1.0,11,5,2,4,0.37825846672058105
44,0.1,1.0,11,5,3,4,-0.2603643536567688
44,0.1,1.0,12,5,0,1,-0.09465433657169342
44,0.1,1.0,12,5,0,2,0.1253211945295334
44,0.1,1.0,12,5,0,3,-0.1671716719865799
44,0.1,1.0,12,5,0,4,0.761183500289917
44,0.1,1.0,12,5,1,2,0.1548934429883957
44,0.1,1.0,12,5,1,3,-0.5716355443000793
44,0.1,1.0,12,5,1,4,-0.06980422139167786
44,0.1,1.0,12,5,2,3,-0.35023564100265503
44,0.1,1.0,12,5,2,4,0.3697120249271393
44,0.1,1.0,12,5,3,4,-0.25320202112197876
44,0.1,1.0,13,5,0,1,-0.0965389832854271
44,0.1,1.0,13,5,0,2,0.10592341423034668
44,0.1,1.0,13,5,0,3,-0.18200674653053284
44,0.1,1.0,13,5,0,4,0.7495547533035278
44,0.1,1.0,13,5,1,2,0.3819499611854553
44,0.1,1.0,13,5,1,3,-0.603944718837738
44,0.1,1.0,13,5,1,4,-0.022714940831065178
44,0.1,1.0,13,5,2,3,-0.3945510685443878
44,0.1,1.0,13,5,2,4,0.3401825726032257
44,0.1,1.0,13,5,3,4,-0.26488593220710754
44,0.1,1.0,14,5,0,1,-0.13228194415569305
44,0.1,1.0,14,5,0,2,0.07153595983982086
44,0.1,1.0,14,5,0,3,-0.1426631659269333
44,0.1,1.0,14,5,0,4,0.7202559113502502
44,0.1,1.0,14,5,1,2,0.05870329588651657
44,0.1,1.0,14,5,1,3,-0.5154156684875488
44,0.1,1.0,14,5,1,4,-0.1287921816110611
44,0.1,1.0,14,5,2,3,-0.4493694007396698
44,0.1,1.0,14,5,2,4,0.3446579575538635
44,0.1,1.0,14,5,3,4,-0.32993775606155396
44,0.1,1.0,15,5,0,1,-0.15505316853523254
44,0.1,1.0,15,5,0,2,0.09766698628664017
44,0.1,1.0,15,5,0,3,-0.17883643507957458
44,0.1,1.0,15,5,0,4,0.7292029857635498
44,0.1,1.0,15,5,1,2,0.12981967628002167
44,0.1,1.0,15,5,1,3,-0.5823899507522583
44,0.1,1.0,15,5,1,4,-0.16877569258213043
44,0.1,1.0,15,5,2,3,-0.40205082297325134
44,0.1,1.0,15,5,2,4,0.3484230637550354
44,0.1,1.0,15,5,3,4,-0.2483515441417694
44,0.1,1.0,16,5,0,1,-0.13504137098789215
44,0.1,1.0,16,5,0,2,0.11393266916275024
44,0.1,1.0,16,5,0,3,-0.16683170199394226
44,0.1,1.0,16,5,0,4,0.7164409756660461
44,0.1,1.0,16,5,1,2,0.13557028770446777
44,0.1,1.0,16,5,1,3,-0.6089722514152527
44,0.1,1.0,16,5,1,4,-0.13179156184196472
44,0.1,1.0,16,5,2,3,-0.39068272709846497
44,0.1,1.0,16,5,2,4,0.37091195583343506
44,0.1,1.0,16,5,3,4,-0.2653762698173523
44,0.1,1.0,17,5,0,1,-0.11497990041971207
44,0.1,1.0,17,5,0,2,0.09227875620126724
44,0.1,1.0,17,5,0,3,-0.19011428952217102
44,0.1,1.0,17,5,0,4,0.7261983752250671
44,0.1,1.0,17,5,1,2,0.15113496780395508
44,0.1,1.0,17,5,1,3,-0.608310341835022
44,0.1,1.0,17,5,1,4,-0.11368096619844437
44,0.1,1.0,17,5,2,3,-0.4376819431781769
44,0.1,1.0,17,5,2,4,0.36681485176086426
44,0.1,1.0,17,5,3,4,-0.3306548297405243
44,0.1,1.0,18,5,0,1,-0.107701875269413
44,0.1,1.0,18,5,0,2,0.12668950855731964
44,0.1,1.0,18,5,0,3,-0.16540294885635376
44,0.1,1.0,18,5,0,4,0.7517364025115967
44,0.1,1.0,18,5,1,2,0.14090514183044434
44,0.1,1.0,18,5,1,3,-0.5938411355018616
44,0.1,1.0,18,5,1,4,-0.12885825335979462
44,0.1,1.0,18,5,2,3,-0.4180748760700226
44,0.1,1.0,18,5,2,4,0.3403284549713135
44,0.1,1.0,18,5,3,4,-0.3221213221549988
44,0.1,1.0,19,5,0,1,-0.1556341052055359
44,0.1,1.0,19,5,0,2,0.09037576615810394
44,0.1,1.0,19,5,0,3,-0.14443211257457733
44,0.1,1.0,19,5,0,4,0.7377001643180847
44,0.1,1.0,19,5,1,2,0.13084964454174042
44,0.1,1.0,19,5,1,3,-0.599613606929779
44,0.1,1.0,19,5,1,4,-0.1403616964817047
44,0.1,1.0,19,5,2,3,-0.43905091285705566
44,0.1,1.0,19,5,2,4,0.3592628240585327
44,0.1,1.0,19,5,3,4,-0.3308044373989105
44,0.1,1.0,20,5,0,1,-0.14389976859092712
44,0.1,1.0,20,5,0,2,0.10243117064237595
44,0.1,1.0,20,5,0,3,-0.1498069018125534
44,0.1,1.0,20,5,0,4,0.7144497036933899
44,0.1,1.0,20,5,1,2,0.12873297929763794
44,0.1,1.0,20,5,1,3,-0.6299960613250732
44,0.1,1.0,20,5,1,4,-0.14724737405776978
44,0.1,1.0,20,5,2,3,-0.40572589635849
44,0.1,1.0,20,5,2,4,0.3626783490180969
44,0.1,1.0,20,5,3,4,-0.30583763122558594
