seed,client_id,samples,dominant_label,dominant_label_fraction,label_0,label_1,label_2,label_3,label_4,label_5,label_6,label_7,label_8,label_9
42,0,8505,3,0.6497354497354497,7,0,0,5526,16,0,15,756,2182,3
42,1,8904,8,0.4119496855345912,0,91,627,11,2027,0,2306,0,3668,174
42,2,13325,2,0.3999249530956848,79,0,5329,44,1625,0,3450,1,0,2797
42,3,21164,1,0.3142128142128142,1721,6650,0,0,1950,5417,69,5357,0,0
42,4,8102,0,0.5080227104418662,4116,1,2,550,224,4,78,151,1,2975
43,0,8559,9,0.4296062624138334,318,0,0,5,5,1006,0,0,3548,3677
43,1,8408,0,0.3520456707897241,2960,7,559,0,0,2803,193,64,1822,0
43,2,9780,3,0.588036809815951,553,86,33,5751,3333,5,0,0,19,0
43,3,22228,7,0.27892747885549757,2091,6021,881,366,0,1606,4935,6200,0,128
43,4,11025,2,0.40680272108843535,1,628,4485,9,2504,1,790,1,462,2144
44,0,548,0,0.9434306569343066,517,0,0,19,0,0,0,0,5,7
44,1,19204,7,0.32571339304311603,15,1982,5892,20,4,218,3539,6255,1279,0
44,2,4391,8,0.9754042359371442,5,6,0,20,68,0,0,9,4283,0
44,3,27068,3,0.22428698093689967,0,4680,17,6071,2778,5202,2378,1,0,5941
44,4,8789,0,0.6128114688815565,5386,74,49,1,2992,1,1,0,284,1
