seed,alpha,mu,round,local_epochs,split,weighted_accuracy,weighted_loss,mean_client_accuracy,std_client_accuracy,worst_client_accuracy,p10_client_accuracy
42,0.1,0.0,0,5,validation,0.11587195731910636,2.2832259312992536,0.143668175694026,0.11812090538232053,0.03303303303303303,0.03853437558541528
42,0.1,0.0,1,5,validation,0.565355118372791,1.2757271332675595,0.5284079113303441,0.1222076555291137,0.4189189189189189,0.4198219395866455
42,0.1,0.0,2,5,validation,0.6683894631543847,0.9243909565756105,0.6283400631744916,0.11273339446085849,0.5487987987987988,0.5537498675145733
42,0.1,0.0,3,5,validation,0.7462487495831944,0.690596647423957,0.7112064505200857,0.0925907890269691,0.6567901234567901,0.6583383383383383
42,0.1,0.0,4,5,validation,0.7920973657885962,0.5833541354603591,0.7626870480787764,0.07442644040518229,0.7086419753086419,0.7155381263616557
42,0.1,0.0,5,5,validation,0.82810936978993,0.503187454315216,0.80472359661187,0.0595420369901707,0.7654320987654321,0.7670239651416122
42,0.1,0.0,6,5,validation,0.8454484828276092,0.4577176477281838,0.8247498228721977,0.052370355562886384,0.7905882352941176,0.7913899782135076
42,0.1,0.0,7,5,validation,0.8494498166055352,0.4411559834425431,0.8298876904133803,0.05018936486435542,0.8,0.8014814814814815
42,0.1,0.0,8,5,validation,0.8639546515505169,0.406433489798466,0.8469379665068072,0.043735164928898826,0.8117647058823529,0.8138003965631196
42,0.1,0.0,9,5,validation,0.8672890963654551,0.39554435690966155,0.8515097650047231,0.04121209078356503,0.8223529411764706,0.8259960343688038
42,0.1,0.0,10,5,validation,0.8712904301433811,0.38313477315199934,0.8559637730954524,0.039944750311514364,0.831764705882353,0.8338736383442266
42,0.1,0.0,11,5,validation,0.8759586528842948,0.37060916140084266,0.8609757897328288,0.03911785982389787,0.8364705882352941,0.8388192898781134
42,0.1,0.0,12,5,validation,0.8881293764588196,0.34571150187980576,0.8745396055790724,0.03491670933368089,0.8494117647058823,0.8503212161269001
42,0.1,0.0,13,5,validation,0.8889629876625542,0.34229542471272184,0.8748033657007003,0.03632832605238085,0.8460674157303371,0.846934567085261
42,0.1,0.0,14,5,validation,0.8926308769589864,0.33136885604010935,0.8790377909110031,0.03503617277865152,0.8541176470588235,0.8562908129543952
42,0.1,0.0,15,5,validation,0.8949649883294432,0.32134527594556644,0.881425881137431,0.03425244693280615,0.8564705882352941,0.8581520158625248
42,0.1,0.0,16,5,validation,0.899133044348116,0.31463143915166536,0.8870200265063695,0.031125557644020394,0.8635294117647059,0.8659828155981494
42,0.1,0.0,17,5,validation,0.9034678226075359,0.30416480306984384,0.891183807376853,0.03138392510220265,0.8623529411764705,0.8688724388631857
42,0.1,0.0,18,5,validation,0.9044681560520174,0.2985871668387032,0.8921748226281832,0.031114564933144025,0.86,0.8676049382716049
42,0.1,0.0,19,5,validation,0.9064688229409803,0.2937770954129218,0.8944173550898491,0.03014771462876885,0.8670588235294118,0.8723340595497459
42,0.1,0.0,20,5,validation,0.907135711903968,0.2910094973831504,0.8944723671375604,0.031410804980475666,0.8658823529411764,0.8696528685548294
42,0.1,0.1,0,5,validation,0.11587195731910636,2.2832259312992536,0.143668175694026,0.11812090538232053,0.03303303303303303,0.03853437558541528
42,0.1,0.1,1,5,validation,0.618539513171057,1.2893976912811702,0.5920026922556322,0.0930488972164033,0.48123123123123124,0.5047387387387388
42,0.1,0.1,2,5,validation,0.6985661887295765,0.9048493141808404,0.6713277100381994,0.0794526892645135,0.6013513513513513,0.6158696343402226
42,0.1,0.1,3,5,validation,0.7712570856952318,0.6894190302885703,0.7475978311478639,0.06224366545953445,0.7135802469135802,0.714034034034034
42,0.1,0.1,4,5,validation,0.8097699233077692,0.58140204611839,0.7889602175100109,0.05267516559898566,0.7564705882352941,0.7572531394580304
42,0.1,0.1,5,5,validation,0.8374458152717572,0.5039281687485293,0.8213934103273551,0.042306197543616336,0.7811764705882352,0.786009253139458
42,0.1,0.1,6,5,validation,0.8527842614204735,0.4553521559730535,0.8380762782422334,0.037901232530885516,0.8,0.8080898876404494
42,0.1,0.1,7,5,validation,0.8562854284761587,0.4365837064016736,0.8427957123703953,0.034930031592469,0.8129411764705883,0.8176523463317912
42,0.1,0.1,8,5,validation,0.8711237079026342,0.40732452475098463,0.8594676175777425,0.03206673823897627,0.8223529411764706,0.8282432253800397
42,0.1,0.1,9,5,validation,0.8724574858286095,0.3973372862036127,0.861645364832033,0.030268174140167126,0.8305882352941176,0.8349821546596167
42,0.1,0.1,10,5,validation,0.8757919306435479,0.38529446120856803,0.8650281196911214,0.02866513101732547,0.8415730337078652,0.8418849966953074
42,0.1,0.1,11,5,validation,0.8797932644214739,0.37447966263070825,0.8695756334920596,0.0269184572386521,0.8505617977528089,0.8510429610046265
42,0.1,0.1,12,5,validation,0.8886295431810604,0.3531991394113087,0.8797333713127662,0.02286944533477808,0.8564705882352941,0.8603992068737607
42,0.1,0.1,13,5,validation,0.891130376792264,0.3500063472010367,0.8814556306865248,0.025974852846855637,0.852808988764045,0.8561559814937211
42,0.1,0.1,14,5,validation,0.8924641547182394,0.3400105150014649,0.8828634482843469,0.02477634356606687,0.86,0.8607191011235955
42,0.1,0.1,15,5,validation,0.8972990996999,0.33041164161722514,0.8883795230675056,0.023210700598577588,0.8647058823529412,0.867587574355585
42,0.1,0.1,16,5,validation,0.9021340446815606,0.32396178025529954,0.8945865227503031,0.02057135267386556,0.8752808988764045,0.8766979510905486
42,0.1,0.1,17,5,validation,0.9024674891630543,0.3154656709423062,0.8946713535587362,0.021775946202098027,0.8705882352941177,0.8742630535360212
42,0.1,0.1,18,5,validation,0.905135045015005,0.31039925901919213,0.8973080378305823,0.02112206599920144,0.8717647058823529,0.8758678122934567
42,0.1,0.1,19,5,validation,0.9078026008669556,0.30620022358080273,0.8999392171424201,0.020723681413214966,0.88,0.8803595505617977
42,0.1,0.1,20,5,validation,0.9064688229409803,0.30373879865174613,0.8971383219441623,0.023492190989375328,0.8752941176470588,0.8788843357567746
42,0.1,1.0,0,5,validation,0.11587195731910636,2.2832259312992536,0.143668175694026,0.11812090538232053,0.03303303303303303,0.03853437558541528
42,0.1,1.0,1,5,validation,0.6082027342447482,1.6627905038485093,0.5749195862045606,0.12558774214771268,0.44744744744744747,0.4515272919978802
42,0.1,1.0,2,5,validation,0.6753917972657553,1.2541788864151642,0.6396799353516534,0.10906677618589584,0.5364705882352941,0.5486090796679032
42,0.1,1.0,3,5,validation,0.7269089696565522,1.001962172106609,0.6913633375638764,0.1013069299501419,0.5847058823529412,0.6021815541031228
42,0.1,1.0,4,5,validation,0.7655885295098366,0.8448659769293864,0.7365899274304656,0.08369170496211219,0.6341176470588236,0.660964415395788
42,0.1,1.0,5,5,validation,0.800433477825942,0.7377787896417387,0.7768856009254954,0.0686418075965147,0.6788235294117647,0.7119854756717502
42,0.1,1.0,6,5,validation,0.8239413137712571,0.6582725873467286,0.8038448152512666,0.06004336259194449,0.7094117647058824,0.7446594045025418
42,0.1,1.0,7,5,validation,0.8341113704568189,0.6087055820431381,0.8167342567959661,0.05074428879810493,0.74,0.7664691358024691
42,0.1,1.0,8,5,validation,0.8492830943647882,0.5643994422028883,0.834867396325401,0.04691070955192302,0.7529411764705882,0.7852478519497686
42,0.1,1.0,9,5,validation,0.8514504834944981,0.5369953754426002,0.83885105965302,0.03929513051794362,0.7752941176470588,0.8000113054230701
42,0.1,1.0,10,5,validation,0.8571190396798933,0.5129367642777886,0.8443923105223984,0.03947765060159617,0.78,0.8050786516853933
42,0.1,1.0,11,5,validation,0.8602867622540847,0.49161566214070157,0.8485169701015634,0.03810643514041539,0.7847058823529411,0.810162868751104
42,0.1,1.0,12,5,validation,0.8691230410136712,0.469322595408695,0.8597807776428702,0.0322494493767451,0.8035294117647059,0.8259378717779247
42,0.1,1.0,13,5,validation,0.8722907635878626,0.45632307315397436,0.8623936359196602,0.03539851234863267,0.808235294117647,0.8211209517514871
42,0.1,1.0,14,5,validation,0.8744581527175725,0.44419670930780064,0.8648144528565922,0.034468434682016415,0.8058823529411765,0.8269001982815598
42,0.1,1.0,15,5,validation,0.8781260420140047,0.4316157858524373,0.8682518585313869,0.03446792940685795,0.8094117647058824,0.8294672835426306
42,0.1,1.0,16,5,validation,0.879293097699233,0.4207548949669981,0.8708803001510464,0.030532090076673225,0.82,0.8376179775280899
42,0.1,1.0,17,5,validation,0.8796265421807269,0.41568674483510726,0.871326346993514,0.030877928097177484,0.8176470588235294,0.8371050892267019
42,0.1,1.0,18,5,validation,0.8816272090696899,0.4070742518037667,0.8746757695666147,0.030893649795005772,0.8176470588235294,0.8402511566424322
42,0.1,1.0,19,5,validation,0.8827942647549183,0.40273539195779406,0.8753483465211314,0.03228470589439547,0.8176470588235294,0.8389028420356907
42,0.1,1.0,20,5,validation,0.8797932644214739,0.40255677137584756,0.870511595243741,0.03158724836714962,0.8164705882352942,0.8379304009892246
43,0.1,0.0,0,5,validation,0.09938302484575622,2.3038207893075797,0.11181037040988073,0.062398869946406414,0.053169734151329244,0.056947212541614244
43,0.1,0.0,1,5,validation,0.6681674170418542,0.9642651022842214,0.6419583667823415,0.17607754153515495,0.3098159509202454,0.44086033078606535
43,0.1,0.0,2,5,validation,0.7777221944305486,0.630127507506837,0.7520579993233008,0.12940361887689597,0.5204498977505112,0.6102735684143721
43,0.1,0.0,3,5,validation,0.8439219609804902,0.4739408339284471,0.8259303321705674,0.08415334371713176,0.679959100204499,0.7328393439702493
43,0.1,0.0,4,5,validation,0.8704352176088044,0.40322288925476385,0.8549620986846932,0.06205326380869401,0.7556237218813906,0.7864736483335127
43,0.1,0.0,5,5,validation,0.8836084709021177,0.3637623287189478,0.8708538542345083,0.05485124099595322,0.7822085889570553,0.8089742761812507
43,0.1,0.0,6,5,validation,0.888277472069368,0.34665015312021963,0.8765581265359501,0.051658958704907776,0.7914110429447853,0.8196419474042981
43,0.1,0.0,7,5,validation,0.8989494747373686,0.3186419444475171,0.8882837688325284,0.0468960015931743,0.8098159509202454,0.8344275822480537
43,0.1,0.0,8,5,validation,0.9066199766549942,0.30287935611494826,0.8970904186273347,0.04301509602867943,0.8241308793456033,0.846291393104438
43,0.1,0.0,9,5,validation,0.9116224779056195,0.2885425387446396,0.9022316237439,0.04053153073233989,0.83640081799591,0.8531855200373121
43,0.1,0.0,10,5,validation,0.9132899783224946,0.2794827183838067,0.9037621174972144,0.04300548181922012,0.8312883435582822,0.8519893804039752
43,0.1,0.0,11,5,validation,0.9144572286143071,0.27048790930449335,0.905709559228381,0.04065743784468088,0.8404907975460123,0.8561073440246834
43,0.1,0.0,12,5,validation,0.9187927296981824,0.2599439574009541,0.9112517978727318,0.037480982066712916,0.8507157464212679,0.8655171671510064
43,0.1,0.0,13,5,validation,0.920626980156745,0.2530793973320978,0.9124174915499316,0.03698179806327183,0.8558282208588958,0.8671811430416533
43,0.1,0.0,14,5,validation,0.9211272302818075,0.246087810016233,0.9133901763685772,0.036985858697498694,0.8568507157464212,0.8682624762314785
43,0.1,0.0,15,5,validation,0.9241287310321827,0.23739363551661632,0.916689030222812,0.03467293013524328,0.8650306748466258,0.874573960463531
43,0.1,0.0,16,5,validation,0.9261297315324328,0.23218217900972357,0.9185130765940084,0.03578930732878801,0.8640081799591002,0.8748961360456355
43,0.1,0.0,17,5,validation,0.9254627313656828,0.22884268448445047,0.9178555922090694,0.03591491069460419,0.8629856850715747,0.8742826391131202
43,0.1,0.0,18,5,validation,0.928130732032683,0.22234737330528026,0.9207602107040863,0.03553955761707335,0.8670756646216768,0.8776722993578014
43,0.1,0.0,19,5,validation,0.9307987326996832,0.2145013283774796,0.9236500666033113,0.03384961795802416,0.8732106339468303,0.8827567897248233
43,0.1,0.0,20,5,validation,0.9304652326163082,0.21537332517297264,0.9231836122933836,0.03602703897084871,0.8711656441717791,0.8791906145732429
43,0.1,0.1,0,5,validation,0.09938302484575622,2.3038207893075797,0.11181037040988073,0.062398869946406414,0.053169734151329244,0.056947212541614244
43,0.1,0.1,1,5,validation,0.7098549274637319,1.0904634069239514,0.6801389564835014,0.1952908053504358,0.31390593047034765,0.45968858752197467
43,0.1,0.1,2,5,validation,0.7883941970985493,0.69562632343422,0.7651566726967166,0.13096890786597493,0.523517382413088,0.6208254929687239
43,0.1,0.1,3,5,validation,0.8437552109388027,0.5267918632192296,0.8277927162915641,0.08489155995167268,0.6728016359918201,0.7344412155132207
43,0.1,0.1,4,5,validation,0.8676004669001167,0.44409439116293975,0.8539965809172477,0.061554452608344155,0.7464212678936605,0.7828235209701144
43,0.1,0.1,5,5,validation,0.8811072202768051,0.39747776669801543,0.8693803532082753,0.054326768849069965,0.7730061349693251,0.8057919850751624
43,0.1,0.1,6,5,validation,0.8851092212773053,0.37448603514136525,0.8738771732423277,0.05214901701408923,0.7811860940695297,0.8125713055645248
43,0.1,0.1,7,5,validation,0.8941137235284309,0.3460080582975884,0.8837060844297001,0.047408240471169816,0.8006134969325154,0.8270347648261759
43,0.1,0.1,8,5,validation,0.8999499749874937,0.33007837636174214,0.8911404653964079,0.04658867104159793,0.8087934560327198,0.8352175940874681
43,0.1,0.1,9,5,validation,0.9061197265299317,0.3131410206146433,0.897340274274544,0.04272664753721622,0.8261758691206544,0.844711369425609
43,0.1,0.1,10,5,validation,0.9069534767383692,0.3048130069521242,0.8984386722471441,0.04760542266822534,0.8139059304703476,0.8406242600365945
43,0.1,0.1,11,5,validation,0.9121227280306821,0.2934247683649841,0.904247362677164,0.04204501271782189,0.8312883435582822,0.852457216661285
43,0.1,0.1,12,5,validation,0.9166249791562447,0.28399026489802476,0.909458468425502,0.04062158881806163,0.8394683026584867,0.8592365371506475
43,0.1,0.1,13,5,validation,0.9176254794063698,0.2755340130138401,0.9098523820356764,0.04101025473799289,0.8415132924335378,0.8590600222437484
43,0.1,0.1,14,5,validation,0.9184592296148074,0.2680873343345521,0.9112353407162803,0.0396494838301618,0.84560327198364,0.8619818462311197
43,0.1,0.1,15,5,validation,0.9207937301984326,0.2586301338596604,0.9140583926833618,0.0380433970520281,0.8517382413087935,0.8670663365981416
43,0.1,0.1,16,5,validation,0.9226279806569951,0.2535309016826313,0.9164480049201693,0.03634862449447417,0.8558282208588958,0.8713916693574427
43,0.1,0.1,17,5,validation,0.9234617308654327,0.2503351304634762,0.9167026662320499,0.03813919850553267,0.852760736196319,0.8695511785598966
43,0.1,0.1,18,5,validation,0.9252959813239954,0.24405657518291665,0.918684517220354,0.037672067190164214,0.8548057259713702,0.8721816811968572
43,0.1,0.1,19,5,validation,0.9282974820743706,0.23596240935652418,0.922053679304252,0.03324244227427703,0.8670756646216768,0.880947153158971
43,0.1,0.1,20,5,validation,0.9276304819076204,0.23669288568701846,0.920799884941961,0.037419296489551994,0.8599182004089979,0.8743134933448139
43,0.1,1.0,0,5,validation,0.09938302484575622,2.3038207893075797,0.11181037040988073,0.062398869946406414,0.053169734151329244,0.056947212541614244
43,0.1,1.0,1,5,validation,0.6223111555777889,1.6059053687228746,0.564765132333024,0.2357042662371157,0.22597137014314927,0.2969863308578194
43,0.1,1.0,2,5,validation,0.7038519259629815,1.1711020875974996,0.6555229720423573,0.2050570278442845,0.33026584867075665,0.40915366124923763
43,0.1,1.0,3,5,validation,0.7792229448057362,0.9179551243205577,0.7467407334928415,0.14457760574938006,0.5010224948875256,0.5700871811430417
43,0.1,1.0,4,5,validation,0.8144072036018009,0.7699447499129382,0.7903278214923424,0.11020464488506174,0.5991820040899796,0.6556495533311807
43,0.1,1.0,5,5,validation,0.841587460396865,0.6734963126116561,0.8217647263103096,0.08915533908059854,0.6707566462167689,0.7112259175546227
43,0.1,1.0,6,5,validation,0.8499249624812406,0.6098675746927266,0.830777054802337,0.08318734715343029,0.6901840490797546,0.7280285581028235
43,0.1,1.0,7,5,validation,0.8605969651492413,0.5593743290983877,0.8424213058765296,0.07606567059476825,0.7167689161554193,0.7481900046640118
43,0.1,1.0,8,5,validation,0.8669334667333667,0.5232265602753166,0.8520399313218199,0.06820080929835717,0.7361963190184049,0.7673318264987622
43,0.1,1.0,9,5,validation,0.8742704685676171,0.49230050129733005,0.8597903228617667,0.06022023640672272,0.7607361963190185,0.7853306066803
43,0.1,1.0,10,5,validation,0.8751042187760547,0.4752523378618602,0.8606388904548783,0.06221168242628844,0.754601226993865,0.7839888063717576
43,0.1,1.0,11,5,validation,0.8787727196931799,0.45681147716910875,0.8648917217148673,0.05848234544627475,0.7678936605316974,0.792432102751767
43,0.1,1.0,12,5,validation,0.8814407203601801,0.4406638661881218,0.868784905560293,0.05531235989398398,0.7791411042944786,0.7996484052667456
43,0.1,1.0,13,5,validation,0.8832749708187427,0.43119702308162444,0.8685807836308206,0.05623448757427183,0.787321063394683,0.799410181896459
43,0.1,1.0,14,5,validation,0.8899449724862432,0.4153196640475424,0.8767438267436912,0.047854563242902215,0.8087934560327198,0.8183754888243102
43,0.1,1.0,15,5,validation,0.8912789728197432,0.40441682131683626,0.8789343901424823,0.04486962470232958,0.8179959100204499,0.8243647974742583
43,0.1,1.0,16,5,validation,0.8906119726529932,0.3985321908935778,0.8789914958863003,0.04789041354027515,0.8057259713701431,0.8193420155706239
43,0.1,1.0,17,5,validation,0.8909454727363681,0.3939938862482389,0.879928233881396,0.05104350647920467,0.7924335378323109,0.8165127542783339
43,0.1,1.0,18,5,validation,0.8939469734867433,0.3835644674252446,0.8824895219535585,0.04397899232530347,0.8190184049079755,0.8282531482079432
43,0.1,1.0,19,5,validation,0.8977822244455561,0.37464548643676565,0.8864283514885255,0.041183902794919125,0.8292433537832311,0.8362594625623363
43,0.1,1.0,20,5,validation,0.896781724195431,0.3742154808551923,0.8846363065988271,0.045040032542346994,0.8210633946830266,0.8294801420729738
44,0.1,0.0,0,5,validation,0.06136401534100384,2.316304879882683,0.05082700354144254,0.031239485349299715,0.0,0.01366742596810934
44,0.1,0.0,1,5,validation,0.5080873770218443,1.4173400544396675,0.3034809924672209,0.2587054461119978,0.018518518518518517,0.03480131612250063
44,0.1,0.0,2,5,validation,0.6526596631649157,1.0492895240383744,0.4329791846951654,0.2777948589054281,0.05555555555555555,0.16545178435839028
44,0.1,0.0,3,5,validation,0.7155244288811072,0.7922080351508457,0.5128376152070178,0.2744763625246653,0.1111111111111111,0.20516324981017464
44,0.1,0.0,4,5,validation,0.7707186926796732,0.6097882894231654,0.6032467825092415,0.22461269396983347,0.2777777777777778,0.35254365983295366
44,0.1,0.0,5,5,validation,0.8054027013506754,0.5196765433137807,0.667781158647422,0.18436009153219593,0.3888888888888889,0.46385725132877753
44,0.1,0.0,6,5,validation,0.8369184592296148,0.4564524264818274,0.7182323971234466,0.15431815147965708,0.48148148148148145,0.5554036952670209
44,0.1,0.0,7,5,validation,0.8585959646489911,0.4065759467327219,0.7473001719792514,0.14868621830933074,0.5,0.588382687927107
44,0.1,0.0,8,5,validation,0.870935467733867,0.383248953619897,0.7813552869589837,0.11352987203471315,0.6111111111111112,0.6627942293090358
44,0.1,0.0,9,5,validation,0.87943971985993,0.3630075147296262,0.7910566381540464,0.11055245497889254,0.6296296296296297,0.6702606934953177
44,0.1,0.0,10,5,validation,0.8841087210271803,0.34956035050766177,0.8037779555724477,0.0994996496159556,0.6666666666666666,0.6979498861047836
44,0.1,0.0,11,5,validation,0.8914457228614308,0.3280100816882847,0.8183364495043964,0.09158529632586496,0.6851851851851852,0.7218172614527968
44,0.1,0.0,12,5,validation,0.8934467233616809,0.31789794079220174,0.8198618114984129,0.09217835541129511,0.6851851851851852,0.719083776259175
44,0.1,0.0,13,5,validation,0.8969484742371185,0.3093765083950759,0.834712393358273,0.07812553717018689,0.7222222222222222,0.7531511009870918
44,0.1,0.0,14,5,validation,0.9001167250291813,0.29719879619972256,0.8373667280056523,0.07889443691434686,0.7222222222222222,0.7549734244495064
44,0.1,0.0,15,5,validation,0.9024512256128064,0.2917307531692514,0.8433664709884743,0.0737261925345098,0.7407407407407407,0.7669956972918248
44,0.1,0.0,16,5,validation,0.9031182257795565,0.285371305998393,0.8462519258458615,0.06995974611369214,0.7592592592592593,0.7744621614781069
44,0.1,0.0,17,5,validation,0.9057862264465566,0.27962104428285595,0.8524539412192371,0.0656348266295924,0.7777777777777778,0.7883067577828398
44,0.1,0.0,18,5,validation,0.9074537268634317,0.27503197413196917,0.8564811272834462,0.06272817670388137,0.7777777777777778,0.7928625664388762
44,0.1,0.0,19,5,validation,0.9114557278639319,0.264042232023471,0.8585307392568386,0.06499474184068187,0.7777777777777778,0.7910402429764617
44,0.1,0.0,20,5,validation,0.9114557278639319,0.26253016356907427,0.8601399905915088,0.06324000810302413,0.7777777777777778,0.7937737281700835
44,0.1,0.1,0,5,validation,0.06136401534100384,2.316304879882683,0.05082700354144254,0.031239485349299715,0.0,0.01366742596810934
44,0.1,0.1,1,5,validation,0.5195931298982824,1.3570678110855787,0.3527459368417026,0.21785540018527622,0.037037037037037035,0.13976208554796254
44,0.1,0.1,2,5,validation,0.6551609137902284,1.033414142756377,0.45599782988084075,0.26674591894611244,0.05555555555555555,0.16909643128321944
44,0.1,0.1,3,5,validation,0.7065199266299816,0.8590276215560281,0.5047230068477428,0.28874822369214037,0.05555555555555555,0.16909643128321944
44,0.1,0.1,4,5,validation,0.7465399366349842,0.6951153169816109,0.5664756406921596,0.2645743625772338,0.16666666666666666,0.2517084282460137
44,0.1,0.1,5,5,validation,0.7793896948474237,0.5954457147232349,0.6261189212976291,0.2381858924655573,0.25925925925925924,0.33824348266261706
44,0.1,0.1,6,5,validation,0.808237452059363,0.5186262467224757,0.6733884768055762,0.20277421782236021,0.35185185185185186,0.4297899266008606
44,0.1,0.1,7,5,validation,0.840253460063365,0.45552459955513624,0.7352134288979391,0.15455848713436407,0.48148148148148145,0.5531257909390028
44,0.1,0.1,8,5,validation,0.8544272136068034,0.4244114374078789,0.7561848279707084,0.13960218077664202,0.5185185185185185,0.5953935712477854
44,0.1,0.1,9,5,validation,0.8694347173586794,0.3953050536942001,0.7795467248998869,0.1233608023400828,0.5740740740740741,0.6401164262212098
44,0.1,0.1,10,5,validation,0.8736034684008671,0.38634071592412356,0.7815354170326148,0.12282689959775041,0.5740740740740741,0.6496836243988864
44,0.1,0.1,11,5,validation,0.8846089711522428,0.35995910266389125,0.8083324411447848,0.10504405819436052,0.6296296296296297,0.691672994178689
44,0.1,0.1,12,5,validation,0.8907787226946807,0.3459212716537773,0.8255350685985547,0.08592460282586113,0.6851851851851852,0.7350291065553025
44,0.1,0.1,13,5,validation,0.8942804735701184,0.3338445773497609,0.8314900190629745,0.08560197398916601,0.6851851851851852,0.7382181726145279
44,0.1,0.1,14,5,validation,0.8992829748207437,0.319908101468836,0.839040594204822,0.08090566819821067,0.7037037037037037,0.7529739306504682
44,0.1,0.1,15,5,validation,0.8996164749041188,0.3148868972557037,0.8392765879553166,0.08087311056569003,0.7037037037037037,0.7525183497848646
44,0.1,0.1,16,5,validation,0.9027847256961814,0.30724727233807525,0.8422339450138738,0.08121236304033215,0.7037037037037037,0.7547962541128828
44,0.1,0.1,17,5,validation,0.904285476071369,0.30175705859616175,0.8441954307740254,0.08146405281403658,0.7037037037037037,0.7575297393065047
44,0.1,0.1,18,5,validation,0.9059529764882441,0.2962883775365816,0.8469263195481492,0.08126271692855953,0.7037037037037037,0.7593520627689193
44,0.1,0.1,19,5,validation,0.9099549774887443,0.2852443018038312,0.8537641346587156,0.07610380945552112,0.7222222222222222,0.772285497342445
44,0.1,0.1,20,5,validation,0.911122227780557,0.2823436692821715,0.8590904858537783,0.06957894303911162,0.7407407407407407,0.7815742849911415
44,0.1,1.0,0,5,validation,0.06136401534100384,2.316304879882683,0.05082700354144254,0.031239485349299715,0.0,0.01366742596810934
44,0.1,1.0,1,5,validation,0.47907286976821745,1.6939766717907268,0.3196404002546531,0.20004879604354486,0.037037037037037035,0.11333839534295115
44,0.1,1.0,2,5,validation,0.607303651825913,1.303672801539841,0.40703607727084723,0.2535289375984703,0.05555555555555555,0.15907365223993924
44,0.1,1.0,3,5,validation,0.6533266633316658,1.1108272216191626,0.44922500464391685,0.26689967811268095,0.05555555555555555,0.16180713743356112
44,0.1,1.0,4,5,validation,0.6918459229614807,0.963426641430361,0.49203957757052724,0.2784404265412807,0.05555555555555555,0.16818526955201213
44,0.1,1.0,5,5,validation,0.7128564282141071,0.869911670366764,0.5189287802160913,0.28208108045153013,0.07407407407407407,0.18202986585674513
44,0.1,1.0,6,5,validation,0.7365349341337335,0.7797675599192349,0.5422702621502727,0.2902886636872844,0.07407407407407407,0.1888635788407998
44,0.1,1.0,7,5,validation,0.76088044022011,0.7054532433581865,0.5775415580864669,0.27776169569822245,0.12962962962962962,0.23677549987344976
44,0.1,1.0,8,5,validation,0.7770551942637985,0.6623588908368674,0.6078130933503976,0.25366610646583737,0.2037037037037037,0.29625411288281445
44,0.1,1.0,9,5,validation,0.7895614473903618,0.6148530422637358,0.638747165889594,0.22340688974921016,0.2962962962962963,0.365932675272083
44,0.1,1.0,10,5,validation,0.7933966983491746,0.5957514766217947,0.6565414391591714,0.19191680280826431,0.37037037037037035,0.42860035434067323
44,0.1,1.0,11,5,validation,0.8055694513923628,0.55859821774432,0.6677293650035365,0.19649329137142488,0.37037037037037035,0.43224500126550236
44,0.1,1.0,12,5,validation,0.8200767050191763,0.5309260842580288,0.7018315486873289,0.1654784451200463,0.4444444444444444,0.5053910402429764
44,0.1,1.0,13,5,validation,0.8347507086876772,0.5054901319284011,0.7350099458972,0.1504581188570424,0.48148148148148145,0.5513034674765882
44,0.1,1.0,14,5,validation,0.8389194597298649,0.4899847676441116,0.7308477865306023,0.1508817529183281,0.48148148148148145,0.5535813718046064
44,0.1,1.0,15,5,validation,0.8425879606469902,0.4816196806007014,0.7298692768402024,0.1595713025422756,0.46296296296296297,0.5406479372310807
44,0.1,1.0,16,5,validation,0.8457562114390529,0.4724818675770886,0.7517584024379019,0.12805730172199334,0.5555555555555556,0.6025816249050874
44,0.1,1.0,17,5,validation,0.8457562114390529,0.4669156815730593,0.7462435811763205,0.135826766747482,0.5370370370370371,0.5878258668691471
44,0.1,1.0,18,5,validation,0.8597632149408038,0.4477192218579589,0.7713680203169723,0.11863485950459526,0.5740740740740741,0.6387496836243989
44,0.1,1.0,19,5,validation,0.8614307153576788,0.43589466332156834,0.7727606871233774,0.11859364361226761,0.5740740740740741,0.6419387496836244
44,0.1,1.0,20,5,validation,0.8679339669834918,0.4263656260133565,0.7823159948513787,0.11314243860318567,0.5925925925925926,0.6589724120475828
