seed,alpha,mu,round,local_epochs,global_model_magnitude,aggregate_update_magnitude,total_client_size,num_participating_clients
42,0.1,0.0,1,5,6.786648273468018,1.336755394935608,47999,5
42,0.1,0.0,2,5,7.034015655517578,0.7140154838562012,47999,5
42,0.1,0.0,3,5,7.265099048614502,0.4583991467952728,47999,5
42,0.1,0.0,4,5,7.4344048500061035,0.34646934270858765,47999,5
42,0.1,0.0,5,5,7.5680742263793945,0.28838780522346497,47999,5
42,0.1,0.0,6,5,7.68021297454834,0.25415417551994324,47999,5
42,0.1,0.0,7,5,7.779296398162842,0.2306867092847824,47999,5
42,0.1,0.0,8,5,7.869784832000732,0.21384494006633759,47999,5
42,0.1,0.0,9,5,7.95410680770874,0.20036405324935913,47999,5
42,0.1,0.0,10,5,8.034029006958008,0.18907496333122253,47999,5
42,0.1,0.0,11,5,8.110335350036621,0.1794811487197876,47999,5
42,0.1,0.0,12,5,8.184014320373535,0.1721545159816742,47999,5
42,0.1,0.0,13,5,8.255242347717285,0.16457907855510712,47999,5
42,0.1,0.0,14,5,8.324541091918945,0.15761885046958923,47999,5
42,0.1,0.0,15,5,8.392648696899414,0.15167810022830963,47999,5
42,0.1,0.0,16,5,8.45889663696289,0.14605407416820526,47999,5
42,0.1,0.0,17,5,8.523703575134277,0.14071206748485565,47999,5
42,0.1,0.0,18,5,8.586980819702148,0.13612861931324005,47999,5
42,0.1,0.0,19,5,8.648943901062012,0.1323058158159256,47999,5
42,0.1,0.0,20,5,8.709789276123047,0.1275641918182373,47999,5
42,0.1,0.1,1,5,6.786648273468018,1.0468432903289795,47999,5
42,0.1,0.1,2,5,6.961966037750244,0.6282860636711121,47999,5
42,0.1,0.1,3,5,7.142642974853516,0.4185618460178375,47999,5
42,0.1,0.1,4,5,7.287022590637207,0.312577486038208,47999,5
42,0.1,0.1,5,5,7.403611183166504,0.25304746627807617,47999,5
42,0.1,0.1,6,5,7.500856876373291,0.2165786772966385,47999,5
42,0.1,0.1,7,5,7.585132598876953,0.19159632921218872,47999,5
42,0.1,0.1,8,5,7.660346031188965,0.1746792048215866,47999,5
42,0.1,0.1,9,5,7.728809833526611,0.16205520927906036,47999,5
42,0.1,0.1,10,5,7.792177200317383,0.15241949260234833,47999,5
42,0.1,0.1,11,5,7.851360321044922,0.1449570506811142,47999,5
42,0.1,0.1,12,5,7.90777063369751,0.13937722146511078,47999,5
42,0.1,0.1,13,5,7.962024688720703,0.13407786190509796,47999,5
42,0.1,0.1,14,5,8.014518737792969,0.12893784046173096,47999,5
42,0.1,0.1,15,5,8.066020011901855,0.12437289208173752,47999,5
42,0.1,0.1,16,5,8.115894317626953,0.12085214257240295,47999,5
42,0.1,0.1,17,5,8.164804458618164,0.11701014637947083,47999,5
42,0.1,0.1,18,5,8.212724685668945,0.11382926255464554,47999,5
42,0.1,0.1,19,5,8.259806632995605,0.11096173524856567,47999,5
42,0.1,0.1,20,5,8.306131362915039,0.10796069353818893,47999,5
42,0.1,1.0,1,5,6.786648273468018,0.5693848133087158,47999,5
42,0.1,1.0,2,5,6.8545942306518555,0.3879050314426422,47999,5
42,0.1,1.0,3,5,6.930830478668213,0.2847893536090851,47999,5
42,0.1,1.0,4,5,7.001155376434326,0.2216402143239975,47999,5
42,0.1,1.0,5,5,7.063508033752441,0.17893946170806885,47999,5
42,0.1,1.0,6,5,7.118247985839844,0.14984066784381866,47999,5
42,0.1,1.0,7,5,7.166601657867432,0.12836529314517975,47999,5
42,0.1,1.0,8,5,7.20997953414917,0.11491311341524124,47999,5
42,0.1,1.0,9,5,7.249802112579346,0.10103809088468552,47999,5
42,0.1,1.0,10,5,7.285613059997559,0.09103088825941086,47999,5
42,0.1,1.0,11,5,7.318013668060303,0.08314824104309082,47999,5
42,0.1,1.0,12,5,7.348178386688232,0.07698404043912888,47999,5
42,0.1,1.0,13,5,7.3764166831970215,0.07212613523006439,47999,5
42,0.1,1.0,14,5,7.4026689529418945,0.06776231527328491,47999,5
42,0.1,1.0,15,5,7.427577018737793,0.06333815306425095,47999,5
42,0.1,1.0,16,5,7.450432300567627,0.0610944963991642,47999,5
42,0.1,1.0,17,5,7.472522258758545,0.05721869692206383,47999,5
42,0.1,1.0,18,5,7.493717193603516,0.05520569533109665,47999,5
42,0.1,1.0,19,5,7.513957977294922,0.05293186008930206,47999,5
42,0.1,1.0,20,5,7.533241271972656,0.05075609311461449,47999,5
43,0.1,0.0,1,5,6.809994220733643,1.4836078882217407,47999,5
43,0.1,0.0,2,5,7.1026411056518555,0.7433792352676392,47999,5
43,0.1,0.0,3,5,7.359375,0.4742387533187866,47999,5
43,0.1,0.0,4,5,7.542537689208984,0.36432772874832153,47999,5
43,0.1,0.0,5,5,7.685152530670166,0.3106602728366852,47999,5
43,0.1,0.0,6,5,7.806116580963135,0.2772819995880127,47999,5
43,0.1,0.0,7,5,7.913761138916016,0.25321659445762634,47999,5
43,0.1,0.0,8,5,8.012980461120605,0.23351357877254486,47999,5
43,0.1,0.0,9,5,8.105916976928711,0.2182561308145523,47999,5
43,0.1,0.0,10,5,8.19390869140625,0.20598217844963074,47999,5
43,0.1,0.0,11,5,8.278096199035645,0.19309259951114655,47999,5
43,0.1,0.0,12,5,8.359328269958496,0.18266089260578156,47999,5
43,0.1,0.0,13,5,8.437189102172852,0.17402710020542145,47999,5
43,0.1,0.0,14,5,8.512829780578613,0.16537189483642578,47999,5
43,0.1,0.0,15,5,8.5861234664917,0.15882419049739838,47999,5
43,0.1,0.0,16,5,8.658018112182617,0.1522465944290161,47999,5
43,0.1,0.0,17,5,8.728063583374023,0.146936297416687,47999,5
43,0.1,0.0,18,5,8.796209335327148,0.14126554131507874,47999,5
43,0.1,0.0,19,5,8.862855911254883,0.13659913837909698,47999,5
43,0.1,0.0,20,5,8.928223609924316,0.13218675553798676,47999,5
43,0.1,0.1,1,5,6.809994220733643,1.1466929912567139,47999,5
43,0.1,0.1,2,5,7.013636589050293,0.6557555794715881,47999,5
43,0.1,0.1,3,5,7.213302135467529,0.42906516790390015,47999,5
43,0.1,0.1,4,5,7.368472576141357,0.31940898299217224,47999,5
43,0.1,0.1,5,5,7.491154670715332,0.2630893290042877,47999,5
43,0.1,0.1,6,5,7.593589782714844,0.2286776453256607,47999,5
43,0.1,0.1,7,5,7.6824798583984375,0.20603124797344208,47999,5
43,0.1,0.1,8,5,7.76243257522583,0.18968959152698517,47999,5
43,0.1,0.1,9,5,7.835933208465576,0.17726480960845947,47999,5
43,0.1,0.1,10,5,7.904364109039307,0.1673477441072464,47999,5
43,0.1,0.1,11,5,7.968942642211914,0.15791279077529907,47999,5
43,0.1,0.1,12,5,8.030632019042969,0.15039192140102386,47999,5
43,0.1,0.1,13,5,8.089634895324707,0.14370490610599518,47999,5
43,0.1,0.1,14,5,8.147056579589844,0.13714058697223663,47999,5
43,0.1,0.1,15,5,8.202720642089844,0.13189898431301117,47999,5
43,0.1,0.1,16,5,8.256799697875977,0.12682092189788818,47999,5
43,0.1,0.1,17,5,8.309667587280273,0.12262863665819168,47999,5
43,0.1,0.1,18,5,8.361002922058105,0.11822348088026047,47999,5
43,0.1,0.1,19,5,8.411203384399414,0.11444570869207382,47999,5
43,0.1,0.1,20,5,8.460378646850586,0.11122049391269684,47999,5
43,0.1,1.0,1,5,6.809994220733643,0.5948163866996765,47999,5
43,0.1,1.0,2,5,6.881101131439209,0.40303847193717957,47999,5
43,0.1,1.0,3,5,6.961716651916504,0.2916954457759857,47999,5
43,0.1,1.0,4,5,7.035134792327881,0.22260715067386627,47999,5
43,0.1,1.0,5,5,7.099177837371826,0.1795811504125595,47999,5
43,0.1,1.0,6,5,7.155179977416992,0.1499212235212326,47999,5
43,0.1,1.0,7,5,7.204503059387207,0.1302039474248886,47999,5
43,0.1,1.0,8,5,7.2489447593688965,0.11414988338947296,47999,5
43,0.1,1.0,9,5,7.288977146148682,0.10199868679046631,47999,5
43,0.1,1.0,10,5,7.32520866394043,0.09158800542354584,47999,5
43,0.1,1.0,11,5,7.358263969421387,0.08305834978818893,47999,5
43,0.1,1.0,12,5,7.3884968757629395,0.07773386687040329,47999,5
43,0.1,1.0,13,5,7.416415691375732,0.07414838671684265,47999,5
43,0.1,1.0,14,5,7.443342685699463,0.0698101669549942,47999,5
43,0.1,1.0,15,5,7.468428134918213,0.06472061574459076,47999,5
43,0.1,1.0,16,5,7.491948127746582,0.06297362595796585,47999,5
43,0.1,1.0,17,5,7.514464378356934,0.060071755200624466,47999,5
43,0.1,1.0,18,5,7.535845756530762,0.05744776129722595,47999,5
43,0.1,1.0,19,5,7.556346416473389,0.05557284876704216,47999,5
43,0.1,1.0,20,5,7.575671195983887,0.05450310930609703,47999,5
44,0.1,0.0,1,5,6.785419464111328,1.6467581987380981,47998,5
44,0.1,0.0,2,5,7.12804651260376,0.8531308770179749,47998,5
44,0.1,0.0,3,5,7.429940223693848,0.5831528902053833,47998,5
44,0.1,0.0,4,5,7.657874584197998,0.47025999426841736,47998,5
44,0.1,0.0,5,5,7.846998691558838,0.40551531314849854,47998,5
44,0.1,0.0,6,5,8.015554428100586,0.36031681299209595,47998,5
44,0.1,0.0,7,5,8.167896270751953,0.32716548442840576,47998,5
44,0.1,0.0,8,5,8.310254096984863,0.2992052137851715,47998,5
44,0.1,0.0,9,5,8.444254875183105,0.27703621983528137,47998,5
44,0.1,0.0,10,5,8.570808410644531,0.26024240255355835,47998,5
44,0.1,0.0,11,5,8.691446304321289,0.24324233829975128,47998,5
44,0.1,0.0,12,5,8.806900978088379,0.22917474806308746,47998,5
44,0.1,0.0,13,5,8.917435646057129,0.216844841837883,47998,5
44,0.1,0.0,14,5,9.023670196533203,0.20722521841526031,47998,5
44,0.1,0.0,15,5,9.126287460327148,0.19620893895626068,47998,5
44,0.1,0.0,16,5,9.225325584411621,0.18746371567249298,47998,5
44,0.1,0.0,17,5,9.321374893188477,0.1797810047864914,47998,5
44,0.1,0.0,18,5,9.414464950561523,0.17488934099674225,47998,5
44,0.1,0.0,19,5,9.505759239196777,0.16672839224338531,47998,5
44,0.1,0.0,20,5,9.593602180480957,0.15875115990638733,47998,5
44,0.1,0.1,1,5,6.785419464111328,1.2019528150558472,47998,5
44,0.1,0.1,2,5,7.002868175506592,0.6922595500946045,47998,5
44,0.1,0.1,3,5,7.214869499206543,0.46587249636650085,47998,5
44,0.1,0.1,4,5,7.382994174957275,0.36095941066741943,47998,5
44,0.1,0.1,5,5,7.51997184753418,0.30571430921554565,47998,5
44,0.1,0.1,6,5,7.639793872833252,0.26834365725517273,47998,5
44,0.1,0.1,7,5,7.745355606079102,0.2426648885011673,47998,5
44,0.1,0.1,8,5,7.842409133911133,0.22349384427070618,47998,5
44,0.1,0.1,9,5,7.9334397315979,0.20884090662002563,47998,5
44,0.1,0.1,10,5,8.018548965454102,0.20115868747234344,47998,5
44,0.1,0.1,11,5,8.099849700927734,0.1867818385362625,47998,5
44,0.1,0.1,12,5,8.178037643432617,0.17624875903129578,47998,5
44,0.1,0.1,13,5,8.25281810760498,0.16805903613567352,47998,5
44,0.1,0.1,14,5,8.3255615234375,0.16220569610595703,47998,5
44,0.1,0.1,15,5,8.396018028259277,0.15431587398052216,47998,5
44,0.1,0.1,16,5,8.464704513549805,0.1495230346918106,47998,5
44,0.1,0.1,17,5,8.53132438659668,0.1438933163881302,47998,5
44,0.1,0.1,18,5,8.59627914428711,0.14176331460475922,47998,5
44,0.1,0.1,19,5,8.660337448120117,0.13485775887966156,47998,5
44,0.1,0.1,20,5,8.722454071044922,0.13060930371284485,47998,5
44,0.1,1.0,1,5,6.785419464111328,0.6298491358757019,47998,5
44,0.1,1.0,2,5,6.860746383666992,0.414126455783844,47998,5
44,0.1,1.0,3,5,6.9437575340271,0.2934429347515106,47998,5
44,0.1,1.0,4,5,7.018082618713379,0.22196654975414276,47998,5
44,0.1,1.0,5,5,7.081279277801514,0.18138417601585388,47998,5
44,0.1,1.0,6,5,7.1370849609375,0.14887990057468414,47998,5
44,0.1,1.0,7,5,7.1845598220825195,0.1292347013950348,47998,5
44,0.1,1.0,8,5,7.227365493774414,0.11526381224393845,47998,5
44,0.1,1.0,9,5,7.2663092613220215,0.10204179584980011,47998,5
44,0.1,1.0,10,5,7.301058769226074,0.09844343364238739,47998,5
44,0.1,1.0,11,5,7.3329596519470215,0.09104921668767929,47998,5
44,0.1,1.0,12,5,7.363251209259033,0.08062213659286499,47998,5
44,0.1,1.0,13,5,7.390769004821777,0.0827222689986229,47998,5
44,0.1,1.0,14,5,7.416944980621338,0.07525692880153656,47998,5
44,0.1,1.0,15,5,7.442290306091309,0.06845325976610184,47998,5
44,0.1,1.0,16,5,7.465515613555908,0.06505535542964935,47998,5
44,0.1,1.0,17,5,7.486843109130859,0.0626714676618576,47998,5
44,0.1,1.0,18,5,7.507749557495117,0.062407057732343674,47998,5
44,0.1,1.0,19,5,7.527573108673096,0.0603119358420372,47998,5
44,0.1,1.0,20,5,7.546999454498291,0.05808006599545479,47998,5
