seed,mu,final_weighted_test_accuracy,final_worst_client_accuracy,final_mean_client_accuracy,client_accuracy_std,normalized_validation_auc,median_relative_update_magnitude,mean_loo_alignment,mean_pairwise_similarity,runtime_seconds
42,0.0,0.9130434782608695,0.8578143360752056,0.9011005569381023,0.03404304444476865,0.8231660553517839,0.06755254568965653,-0.196087131164968,-0.025753525579348208,1088.990116964
42,0.1,0.915375645510578,0.8672150411280846,0.9059880680332487,0.028364427720188354,0.8321023674558186,0.05785919979376128,-0.1717059985123342,-0.02117316458839923,1069.493813836
42,1.0,0.8843911377644511,0.8049353701527615,0.8715919492501195,0.040014665172049664,0.8083944648216072,0.0372068028328492,-0.18583065221086145,-0.017182873459532857,1082.557036667
43,0.0,0.9312125249833444,0.8793456032719836,0.9226987845926828,0.031470331931552166,0.8693596798399199,0.0643908187970886,-0.14315771896159277,-0.025919225222896785,1079.2058395550002
43,0.1,0.9282145236508994,0.8752556237218814,0.9207004899553415,0.03160413929831769,0.8690887110221779,0.055672690113076115,-0.10827359676361084,-0.01563616916304454,1074.2694884760003
43,1.0,0.8957361758827448,0.8251533742331288,0.884740085255696,0.039708960388809056,0.8292146073036518,0.03662081355746505,-0.1349205678049475,-0.01903434986015782,1077.3304314430006
44,0.0,0.9080766028309741,0.75,0.8564413381545395,0.0678998395004624,0.819051192262798,0.057120565873405874,-0.18670901826873887,0.05633673258824274,1083.6630364800003
44,0.1,0.9004163197335554,0.8035714285714286,0.8637153721004202,0.046985991122118174,0.8115474403868601,0.04986963292497506,-0.1666568818030646,0.046160358753986656,1076.6174875939996
44,1.0,0.8564529558701083,0.5714285714285714,0.7739283621711321,0.11456478388857068,0.7510546940136734,0.03525465755345117,-0.20083653458277695,0.023208528051618486,1076.8447495969995
