seed,alpha,mu,round,local_epochs,split,client_id,num_examples,loss,accuracy
42,0.1,0.0,0,5,validation,0,850,2.3230719611224004,0.05529411764705883
42,0.1,0.0,0,5,validation,1,890,2.2896653716483812,0.12134831460674157
42,0.1,0.0,0,5,validation,2,1332,2.348631402751705,0.0472972972972973
42,0.1,0.0,0,5,validation,3,2116,2.273949823217266,0.2448015122873346
42,0.1,0.0,0,5,validation,4,810,2.359972239129337,0.04691358024691358
42,0.1,0.0,1,5,validation,0,850,2.2536236151526956,0.12352941176470589
42,0.1,0.0,1,5,validation,1,890,1.6126453040690905,0.4550561797752809
42,0.1,0.0,1,5,validation,2,1332,1.6621661372370906,0.3993993993993994
42,0.1,0.0,1,5,validation,3,2116,1.40929731890024,0.41871455576559546
42,0.1,0.0,1,5,validation,4,810,1.4428643035299984,0.5098765432098765
42,0.1,0.0,2,5,validation,0,850,1.6121822963041417,0.42470588235294116
42,0.1,0.0,2,5,validation,1,890,1.2879646681667714,0.5303370786516854
42,0.1,0.0,2,5,validation,2,1332,1.291673009102051,0.5037537537537538
42,0.1,0.0,2,5,validation,3,2116,0.7310882694103767,0.7934782608695652
42,0.1,0.0,2,5,validation,4,810,1.0911383640618972,0.5753086419753086
42,0.1,0.0,3,5,validation,0,850,1.2166446775548598,0.58
42,0.1,0.0,3,5,validation,1,890,1.017698329218318,0.650561797752809
42,0.1,0.0,3,5,validation,2,1332,1.0033793785908558,0.5893393393393394
42,0.1,0.0,3,5,validation,3,2116,0.4636851857875831,0.8785444234404537
42,0.1,0.0,3,5,validation,4,810,0.8608358256610823,0.6098765432098765
42,0.1,0.0,4,5,validation,0,850,1.0157983701369342,0.6458823529411765
42,0.1,0.0,4,5,validation,1,890,0.9018424797593878,0.6943820224719102
42,0.1,0.0,4,5,validation,2,1332,0.9115466373460787,0.6373873873873874
42,0.1,0.0,4,5,validation,3,2116,0.40765127962162906,0.8861058601134215
42,0.1,0.0,4,5,validation,4,810,0.7956015218923121,0.6407407407407407
42,0.1,0.0,5,5,validation,0,850,0.8548723624734318,0.7141176470588235
42,0.1,0.0,5,5,validation,1,890,0.7755435220311196,0.7415730337078652
42,0.1,0.0,5,5,validation,2,1332,0.7858827262669354,0.6966966966966966
42,0.1,0.0,5,5,validation,3,2116,0.35534014993669405,0.8974480151228733
42,0.1,0.0,5,5,validation,4,810,0.6622190394519288,0.7037037037037037
42,0.1,0.0,6,5,validation,0,850,0.7716867852210999,0.7364705882352941
42,0.1,0.0,6,5,validation,1,890,0.6822752475738525,0.7730337078651686
42,0.1,0.0,6,5,validation,2,1332,0.7141400736731451,0.7304804804804805
42,0.1,0.0,6,5,validation,3,2116,0.3219249964549095,0.9078449905482041
42,0.1,0.0,6,5,validation,4,810,0.624862335935051,0.7222222222222222
42,0.1,0.0,7,5,validation,0,850,0.7332320131975062,0.7541176470588236
42,0.1,0.0,7,5,validation,1,890,0.6679187655448914,0.7797752808988764
42,0.1,0.0,7,5,validation,2,1332,0.7137047113241018,0.7357357357357357
42,0.1,0.0,7,5,validation,3,2116,0.328288508272802,0.9040642722117203
42,0.1,0.0,7,5,validation,4,810,0.6246793043466262,0.725925925925926
42,0.1,0.0,8,5,validation,0,850,0.7110561909395106,0.7623529411764706
42,0.1,0.0,8,5,validation,1,890,0.642552869507436,0.7831460674157303
42,0.1,0.0,8,5,validation,2,1332,0.6151151035999035,0.7777777777777778
42,0.1,0.0,8,5,validation,3,2116,0.3164437584480401,0.9059546313799622
42,0.1,0.0,8,5,validation,4,810,0.5384185633541625,0.7753086419753087
42,0.1,0.0,9,5,validation,0,850,0.685003936290741,0.7635294117647059
42,0.1,0.0,9,5,validation,1,890,0.6197169390957007,0.8
42,0.1,0.0,9,5,validation,2,1332,0.6564129451373676,0.7695195195195195
42,0.1,0.0,9,5,validation,3,2116,0.29828476657939546,0.9068998109640832
42,0.1,0.0,9,5,validation,4,810,0.5558512845157105,0.7654320987654321
42,0.1,0.0,10,5,validation,0,850,0.6774064281407525,0.7658823529411765
42,0.1,0.0,10,5,validation,1,890,0.59864818996258,0.8056179775280898
42,0.1,0.0,10,5,validation,2,1332,0.6316041570525985,0.7755255255255256
42,0.1,0.0,10,5,validation,3,2116,0.292356394104561,0.9139886578449905
42,0.1,0.0,10,5,validation,4,810,0.5660246930004638,0.7604938271604939
42,0.1,0.0,11,5,validation,0,850,0.6563985309881323,0.7776470588235294
42,0.1,0.0,11,5,validation,1,890,0.5979379000288717,0.8067415730337079
42,0.1,0.0,11,5,validation,2,1332,0.6183491200656146,0.7815315315315315
42,0.1,0.0,11,5,validation,3,2116,0.2989245225553927,0.9073724007561437
42,0.1,0.0,11,5,validation,4,810,0.5549574313340364,0.7666666666666667
42,0.1,0.0,12,5,validation,0,850,0.620956742623273,0.7917647058823529
42,0.1,0.0,12,5,validation,1,890,0.5660966800839713,0.8191011235955056
42,0.1,0.0,12,5,validation,2,1332,0.571445105133114,0.7987987987987988
42,0.1,0.0,12,5,validation,3,2116,0.2903791611665589,0.9106805293005671
42,0.1,0.0,12,5,validation,4,810,0.4999501924455902,0.8024691358024691
42,0.1,0.0,13,5,validation,0,850,0.6205595986983355,0.7811764705882352
42,0.1,0.0,13,5,validation,1,890,0.6259953386328193,0.797752808988764
42,0.1,0.0,13,5,validation,2,1332,0.543291547992924,0.8108108108108109
42,0.1,0.0,13,5,validation,3,2116,0.2794435436085627,0.9135160680529301
42,0.1,0.0,13,5,validation,4,810,0.45435283794815157,0.8222222222222222
42,0.1,0.0,14,5,validation,0,850,0.6137824163717382,0.788235294117647
42,0.1,0.0,14,5,validation,1,890,0.5737654999400793,0.8157303370786517
42,0.1,0.0,14,5,validation,2,1332,0.5571279783506651,0.8085585585585585
42,0.1,0.0,14,5,validation,3,2116,0.26808944793808887,0.9177693761814745
42,0.1,0.0,14,5,validation,4,810,0.4699242365213088,0.817283950617284
42,0.1,0.0,15,5,validation,0,850,0.6054777573136723,0.7835294117647059
42,0.1,0.0,15,5,validation,1,890,0.5668236660153678,0.8213483146067416
42,0.1,0.0,15,5,validation,2,1332,0.526837317614226,0.8175675675675675
42,0.1,0.0,15,5,validation,3,2116,0.251396632698736,0.9234404536862004
42,0.1,0.0,15,5,validation,4,810,0.4622660253518893,0.8185185185185185
42,0.1,0.0,16,5,validation,0,850,0.5779433795985054,0.8070588235294117
42,0.1,0.0,16,5,validation,1,890,0.562789443905434,0.8235955056179776
42,0.1,0.0,16,5,validation,2,1332,0.5164445881192032,0.8220720720720721
42,0.1,0.0,16,5,validation,3,2116,0.2573694918015954,0.9196597353497165
42,0.1,0.0,16,5,validation,4,810,0.4444620609283447,0.8246913580246914
42,0.1,0.0,17,5,validation,0,850,0.6000161649199093,0.788235294117647
42,0.1,0.0,17,5,validation,1,890,0.5560307080826062,0.8258426966292135
42,0.1,0.0,17,5,validation,2,1332,0.5164343189369809,0.8235735735735735
42,0.1,0.0,17,5,validation,3,2116,0.25345585416361605,0.9224952741020794
42,0.1,0.0,17,5,validation,4,810,0.45204033491052226,0.8234567901234567
42,0.1,0.0,18,5,validation,0,850,0.6016887848517474,0.7858823529411765
42,0.1,0.0,18,5,validation,1,890,0.5420761910717139,0.8314606741573034
42,0.1,0.0,18,5,validation,2,1332,0.4953446914483835,0.8288288288288288
42,0.1,0.0,18,5,validation,3,2116,0.26288455841615654,0.9196597353497165
42,0.1,0.0,18,5,validation,4,810,0.425154498329869,0.8320987654320988
42,0.1,0.0,19,5,validation,0,850,0.5870995695450727,0.7952941176470588
42,0.1,0.0,19,5,validation,1,890,0.5597197796521561,0.8235955056179776
42,0.1,0.0,19,5,validation,2,1332,0.4762849030014989,0.8385885885885885
42,0.1,0.0,19,5,validation,3,2116,0.25309355956958235,0.9206049149338374
42,0.1,0.0,19,5,validation,4,810,0.3973203512621515,0.8432098765432099
42,0.1,0.0,20,5,validation,0,850,0.585480832492604,0.7988235294117647
42,0.1,0.0,20,5,validation,1,890,0.5426770784881677,0.8314606741573034
42,0.1,0.0,20,5,validation,2,1332,0.502723008125752,0.8288288288288288
42,0.1,0.0,20,5,validation,3,2116,0.2383174115689806,0.9262759924385633
42,0.1,0.0,20,5,validation,4,810,0.45709044918601893,0.8246913580246914
42,0.1,0.1,0,5,validation,0,850,2.3230719611224004,0.05529411764705883
42,0.1,0.1,0,5,validation,1,890,2.2896653716483812,0.12134831460674157
42,0.1,0.1,0,5,validation,2,1332,2.348631402751705,0.0472972972972973
42,0.1,0.1,0,5,validation,3,2116,2.273949823217266,0.2448015122873346
42,0.1,0.1,0,5,validation,4,810,2.359972239129337,0.04691358024691358
42,0.1,0.1,1,5,validation,0,850,2.129964582779828,0.14
42,0.1,0.1,1,5,validation,1,890,1.602103950736228,0.4134831460674157
42,0.1,0.1,1,5,validation,2,1332,1.6029159142090394,0.3948948948948949
42,0.1,0.1,1,5,validation,3,2116,1.493645924926931,0.4938563327032136
42,0.1,0.1,1,5,validation,4,810,1.4120381576043588,0.5049382716049383
42,0.1,0.1,2,5,validation,0,850,1.6024971504772412,0.4788235294117647
42,0.1,0.1,2,5,validation,1,890,1.233137133148279,0.5730337078651685
42,0.1,0.1,2,5,validation,2,1332,1.1903330230856084,0.5352852852852853
42,0.1,0.1,2,5,validation,3,2116,0.9154143540755563,0.7618147448015122
42,0.1,0.1,2,5,validation,4,810,0.9864984559424129,0.5790123456790124
42,0.1,0.1,3,5,validation,0,850,1.2388682222366334,0.6247058823529412
42,0.1,0.1,3,5,validation,1,890,0.9773753344342949,0.6808988764044944
42,0.1,0.1,3,5,validation,2,1332,0.9287627018965758,0.6208708708708709
42,0.1,0.1,3,5,validation,3,2116,0.6102299771371996,0.8501890359168242
42,0.1,0.1,3,5,validation,4,810,0.7810902165777889,0.6358024691358025
42,0.1,0.1,4,5,validation,0,850,1.0241818141937256,0.6858823529411765
42,0.1,0.1,4,5,validation,1,890,0.8543120223484683,0.7235955056179775
42,0.1,0.1,4,5,validation,2,1332,0.8287571742011978,0.6786786786786787
42,0.1,0.1,4,5,validation,3,2116,0.5059522345295926,0.8747637051039697
42,0.1,0.1,4,5,validation,4,810,0.6969475518038244,0.6802469135802469
42,0.1,0.1,5,5,validation,0,850,0.8635901950387393,0.7305882352941176
42,0.1,0.1,5,5,validation,1,890,0.747814898544483,0.755056179775281
42,0.1,0.1,5,5,validation,2,1332,0.7294046805427598,0.7327327327327328
42,0.1,0.1,5,5,validation,3,2116,0.4373137490623164,0.8809073724007561
42,0.1,0.1,5,5,validation,4,810,0.5849221915374567,0.7506172839506173
42,0.1,0.1,6,5,validation,0,850,0.7614945422901827,0.7588235294117647
42,0.1,0.1,6,5,validation,1,890,0.6517238103941585,0.7943820224719101
42,0.1,0.1,6,5,validation,2,1332,0.6519417453098584,0.771021021021021
42,0.1,0.1,6,5,validation,3,2116,0.38891098506058547,0.8941398865784499
42,0.1,0.1,6,5,validation,4,810,0.5404586244512487,0.7728395061728395
42,0.1,0.1,7,5,validation,0,850,0.7068711608998915,0.7741176470588236
42,0.1,0.1,7,5,validation,1,890,0.6226620079426283,0.798876404494382
42,0.1,0.1,7,5,validation,2,1332,0.6350633006196122,0.7777777777777778
42,0.1,0.1,7,5,validation,3,2116,0.3831539995728909,0.8913043478260869
42,0.1,0.1,7,5,validation,4,810,0.5239333695835537,0.7876543209876543
42,0.1,0.1,8,5,validation,0,850,0.6800271086131825,0.7894117647058824
42,0.1,0.1,8,5,validation,1,890,0.5965446474846829,0.8134831460674158
42,0.1,0.1,8,5,validation,2,1332,0.549279045951259,0.8048048048048048
42,0.1,0.1,8,5,validation,3,2116,0.36976375049138566,0.8974480151228733
42,0.1,0.1,8,5,validation,4,810,0.45725126906677527,0.8209876543209876
42,0.1,0.1,9,5,validation,0,850,0.645559146825005,0.7929411764705883
42,0.1,0.1,9,5,validation,1,890,0.5754300418864475,0.8202247191011236
42,0.1,0.1,9,5,validation,2,1332,0.5837400034741238,0.8018018018018018
42,0.1,0.1,9,5,validation,3,2116,0.346687449512049,0.9017013232514177
42,0.1,0.1,9,5,validation,4,810,0.46553016032701655,0.8209876543209876
42,0.1,0.1,10,5,validation,0,850,0.6337879114992478,0.7941176470588235
42,0.1,0.1,10,5,validation,1,890,0.543222024333611,0.8359550561797753
42,0.1,0.1,10,5,validation,2,1332,0.5582965249055857,0.8033033033033034
42,0.1,0.1,10,5,validation,3,2116,0.33037797937659097,0.9087901701323251
42,0.1,0.1,10,5,validation,4,810,0.4662046581138799,0.8197530864197531
42,0.1,0.1,11,5,validation,0,850,0.6097863803190343,0.8058823529411765
42,0.1,0.1,11,5,validation,1,890,0.5319511376070173,0.8393258426966292
42,0.1,0.1,11,5,validation,2,1332,0.5497997766500479,0.8085585585585585
42,0.1,0.1,11,5,validation,3,2116,0.3313624791251689,0.9045368620037807
42,0.1,0.1,11,5,validation,4,810,0.45894887417922786,0.8246913580246914
42,0.1,0.1,12,5,validation,0,850,0.5771773579541375,0.8141176470588235
42,0.1,0.1,12,5,validation,1,890,0.5082053649291564,0.8404494382022472
42,0.1,0.1,12,5,validation,2,1332,0.5140903910717091,0.825075075075075
42,0.1,0.1,12,5,validation,3,2116,0.3230281426291385,0.9059546313799622
42,0.1,0.1,12,5,validation,4,810,0.4208773958830186,0.8444444444444444
42,0.1,0.1,13,5,validation,0,850,0.5631255469602697,0.8141176470588235
42,0.1,0.1,13,5,validation,1,890,0.5558780350042193,0.8280898876404494
42,0.1,0.1,13,5,validation,2,1332,0.4929702856519201,0.8303303303303303
42,0.1,0.1,13,5,validation,3,2116,0.31240166943442843,0.9050094517958412
42,0.1,0.1,13,5,validation,4,810,0.39066030074048924,0.8580246913580247
42,0.1,0.1,14,5,validation,0,850,0.5637533039205215,0.8141176470588235
42,0.1,0.1,14,5,validation,1,890,0.5140484278121691,0.8415730337078652
42,0.1,0.1,14,5,validation,2,1332,0.5090279904929725,0.8265765765765766
42,0.1,0.1,14,5,validation,3,2116,0.2971321879577997,0.9106805293005671
42,0.1,0.1,14,5,validation,4,810,0.4025307485350856,0.8530864197530864
42,0.1,0.1,15,5,validation,0,850,0.5516563286500819,0.8164705882352942
42,0.1,0.1,15,5,validation,1,890,0.5033472488435466,0.8404494382022472
42,0.1,0.1,15,5,validation,2,1332,0.4819161270831798,0.8370870870870871
42,0.1,0.1,15,5,validation,3,2116,0.27989110621026875,0.917296786389414
42,0.1,0.1,15,5,validation,4,810,0.39978731701403486,0.8567901234567902
42,0.1,0.1,16,5,validation,0,850,0.5227432896109189,0.8235294117647058
42,0.1,0.1,16,5,validation,1,890,0.4971714204616761,0.8438202247191011
42,0.1,0.1,16,5,validation,2,1332,0.47872115013835664,0.8430930930930931
42,0.1,0.1,16,5,validation,3,2116,0.2812247889817099,0.9149338374291115
42,0.1,0.1,16,5,validation,4,810,0.39127107049212045,0.8604938271604938
42,0.1,0.1,17,5,validation,0,850,0.5491950828888837,0.8152941176470588
42,0.1,0.1,17,5,validation,1,890,0.4914165772748797,0.8438202247191011
42,0.1,0.1,17,5,validation,2,1332,0.4801708784726289,0.8370870870870871
42,0.1,0.1,17,5,validation,3,2116,0.28297086705106866,0.9111531190926276
42,0.1,0.1,17,5,validation,4,810,0.40720302013703336,0.8469135802469135
42,0.1,0.1,18,5,validation,0,850,0.5517770705503576,0.8141176470588235
42,0.1,0.1,18,5,validation,1,890,0.4754118177328217,0.8449438202247191
42,0.1,0.1,18,5,validation,2,1332,0.45430842963782875,0.8498498498498499
42,0.1,0.1,18,5,validation,3,2116,0.2914556564027285,0.9059546313799622
42,0.1,0.1,18,5,validation,4,810,0.37608927723802166,0.8629629629629629
42,0.1,0.1,19,5,validation,0,850,0.5415318438586066,0.8176470588235294
42,0.1,0.1,19,5,validation,1,890,0.4978777672467607,0.8415730337078652
42,0.1,0.1,19,5,validation,2,1332,0.4387793936528959,0.8558558558558559
42,0.1,0.1,19,5,validation,3,2116,0.28585065188615216,0.9087901701323251
42,0.1,0.1,19,5,validation,4,810,0.35184632812017275,0.8765432098765432
42,0.1,0.1,20,5,validation,0,850,0.5404993358780356,0.82
42,0.1,0.1,20,5,validation,1,890,0.4905079299144531,0.8460674157303371
42,0.1,0.1,20,5,validation,2,1332,0.47823916380111875,0.8408408408408409
42,0.1,0.1,20,5,validation,3,2116,0.26787453371545544,0.9144612476370511
42,0.1,0.1,20,5,validation,4,810,0.41459281856631053,0.8407407407407408
42,0.1,1.0,0,5,validation,0,850,2.3230719611224004,0.05529411764705883
42,0.1,1.0,0,5,validation,1,890,2.2896653716483812,0.12134831460674157
42,0.1,1.0,0,5,validation,2,1332,2.348631402751705,0.0472972972972973
42,0.1,1.0,0,5,validation,3,2116,2.273949823217266,0.2448015122873346
42,0.1,1.0,0,5,validation,4,810,2.359972239129337,0.04691358024691358
42,0.1,1.0,1,5,validation,0,850,2.359493423349717,0.027058823529411764
42,0.1,1.0,1,5,validation,1,890,1.934852316942108,0.3056179775280899
42,0.1,1.0,1,5,validation,2,1332,1.8976927505241141,0.27852852852852855
42,0.1,1.0,1,5,validation,3,2116,1.804764369935755,0.3572778827977316
42,0.1,1.0,1,5,validation,4,810,1.844689009807728,0.38765432098765434
42,0.1,1.0,2,5,validation,0,850,2.103273940927842,0.1423529411764706
42,0.1,1.0,2,5,validation,1,890,1.6366099312064353,0.44269662921348313
42,0.1,1.0,2,5,validation,2,1332,1.618543481683588,0.42342342342342343
42,0.1,1.0,2,5,validation,3,2116,1.3952994680134245,0.6564272211720227
42,0.1,1.0,2,5,validation,4,810,1.4601319324823074,0.49506172839506174
42,0.1,1.0,3,5,validation,0,850,1.864234510870541,0.31882352941176473
42,0.1,1.0,3,5,validation,1,890,1.3519297026516346,0.6191011235955056
42,0.1,1.0,3,5,validation,2,1332,1.3567812994077757,0.5330330330330331
42,0.1,1.0,3,5,validation,3,2116,1.0793504723979754,0.7878071833648393
42,0.1,1.0,3,5,validation,4,810,1.2102593215895288,0.5320987654320988
42,0.1,1.0,4,5,validation,0,850,1.6665368792589974,0.4258823529411765
42,0.1,1.0,4,5,validation,1,890,1.1611093049638728,0.6887640449438203
42,0.1,1.0,4,5,validation,2,1332,1.1678243252608154,0.5743243243243243
42,0.1,1.0,4,5,validation,3,2116,0.8887699765834556,0.8279773156899811
42,0.1,1.0,4,5,validation,4,810,1.0265827499789957,0.5604938271604938
42,0.1,1.0,5,5,validation,0,850,1.4832298186246087,0.5294117647058824
42,0.1,1.0,5,5,validation,1,890,1.0329900291528595,0.7179775280898877
42,0.1,1.0,5,5,validation,2,1332,1.0628714590101271,0.5983483483483484
42,0.1,1.0,5,5,validation,3,2116,0.7765552114223487,0.8426275992438563
42,0.1,1.0,5,5,validation,4,810,0.9061030729317371,0.5938271604938271
42,0.1,1.0,6,5,validation,0,850,1.3060995129977955,0.6141176470588235
42,0.1,1.0,6,5,validation,1,890,0.8916504782237363,0.7606741573033707
42,0.1,1.0,6,5,validation,2,1332,0.9387453014070207,0.6539039039039038
42,0.1,1.0,6,5,validation,3,2116,0.6790617891430629,0.8653119092627599
42,0.1,1.0,6,5,validation,4,810,0.8226379675629698,0.6283950617283951
42,0.1,1.0,7,5,validation,0,850,1.1998152993707096,0.6564705882352941
42,0.1,1.0,7,5,validation,1,890,0.819413679637266,0.7831460674157303
42,0.1,1.0,7,5,validation,2,1332,0.8840844418193485,0.6786786786786787
42,0.1,1.0,7,5,validation,3,2116,0.6193748751975638,0.8738185255198487
42,0.1,1.0,7,5,validation,4,810,0.7586378483124722,0.6654320987654321
42,0.1,1.0,8,5,validation,0,850,1.1396462858424468,0.6705882352941176
42,0.1,1.0,8,5,validation,1,890,0.7645360372039709,0.8067415730337079
42,0.1,1.0,8,5,validation,2,1332,0.741026542566202,0.7657657657657657
42,0.1,1.0,8,5,validation,3,2116,0.5884547064570262,0.8709829867674859
42,0.1,1.0,8,5,validation,4,810,0.6715080777804057,0.7407407407407407
42,0.1,1.0,9,5,validation,0,850,1.02608795895296,0.7188235294117648
42,0.1,1.0,9,5,validation,1,890,0.7201185513078496,0.8067415730337079
42,0.1,1.0,9,5,validation,2,1332,0.7636354950455216,0.743993993993994
42,0.1,1.0,9,5,validation,3,2116,0.5496624270999815,0.8714555765595463
42,0.1,1.0,9,5,validation,4,810,0.6504615873466303,0.7358024691358025
42,0.1,1.0,10,5,validation,0,850,0.9624427523332484,0.7388235294117647
42,0.1,1.0,10,5,validation,1,890,0.6713250077172611,0.8247191011235955
42,0.1,1.0,10,5,validation,2,1332,0.7204558403642328,0.7657657657657657
42,0.1,1.0,10,5,validation,3,2116,0.5216921903685946,0.8799621928166351
42,0.1,1.0,10,5,validation,4,810,0.6169679351794867,0.7493827160493827
42,0.1,1.0,11,5,validation,0,850,0.9203842648337869,0.7388235294117647
42,0.1,1.0,11,5,validation,1,890,0.6413375305325797,0.8292134831460675
42,0.1,1.0,11,5,validation,2,1332,0.6803972524207633,0.78003003003003
42,0.1,1.0,11,5,validation,3,2116,0.4926256950951704,0.8832703213610587
42,0.1,1.0,11,5,validation,4,810,0.5856257263525033,0.7814814814814814
42,0.1,1.0,12,5,validation,0,850,0.8511256495644065,0.7635294117647059
42,0.1,1.0,12,5,validation,1,890,0.6070539514670211,0.8337078651685393
42,0.1,1.0,12,5,validation,2,1332,0.6481034342233125,0.7920420420420421
42,0.1,1.0,12,5,validation,3,2116,0.4860304622208464,0.8785444234404537
42,0.1,1.0,12,5,validation,4,810,0.5550502369433273,0.7938271604938272
42,0.1,1.0,13,5,validation,0,850,0.7840095008120818,0.7811764705882352
42,0.1,1.0,13,5,validation,1,890,0.6431233842721146,0.8191011235955056
42,0.1,1.0,13,5,validation,2,1332,0.6206369566487836,0.8093093093093093
42,0.1,1.0,13,5,validation,3,2116,0.4619364124953409,0.8889413988657845
42,0.1,1.0,13,5,validation,4,810,0.5012184263747416,0.8296296296296296
42,0.1,1.0,14,5,validation,0,850,0.7793759869126713,0.7741176470588236
42,0.1,1.0,14,5,validation,1,890,0.5972093874149108,0.8359550561797753
42,0.1,1.0,14,5,validation,2,1332,0.6159002263624747,0.8048048048048048
42,0.1,1.0,14,5,validation,3,2116,0.4337217548055775,0.8960302457466919
42,0.1,1.0,14,5,validation,4,810,0.4957957429650389,0.8333333333333334
42,0.1,1.0,15,5,validation,0,850,0.7401467849226558,0.7823529411764706
42,0.1,1.0,15,5,validation,1,890,0.5893194260222189,0.8359550561797753
42,0.1,1.0,15,5,validation,2,1332,0.5791566404136451,0.8183183183183184
42,0.1,1.0,15,5,validation,3,2116,0.41120851975082223,0.9002835538752363
42,0.1,1.0,15,5,validation,4,810,0.4790156803013366,0.8469135802469135
42,0.1,1.0,16,5,validation,0,850,0.6841946967910317,0.8011764705882353
42,0.1,1.0,16,5,validation,1,890,0.572607306416115,0.8359550561797753
42,0.1,1.0,16,5,validation,2,1332,0.568803692186201,0.8205705705705706
42,0.1,1.0,16,5,validation,3,2116,0.4045914133239559,0.9031190926275993
42,0.1,1.0,16,5,validation,4,810,0.4788159838429204,0.8395061728395061
42,0.1,1.0,17,5,validation,0,850,0.7227373800558202,0.7847058823529411
42,0.1,1.0,17,5,validation,1,890,0.5446134231063757,0.8438202247191011
42,0.1,1.0,17,5,validation,2,1332,0.5609966443107651,0.8108108108108109
42,0.1,1.0,17,5,validation,3,2116,0.397781932962414,0.8993383742911153
42,0.1,1.0,17,5,validation,4,810,0.49855855924111825,0.8234567901234567
42,0.1,1.0,18,5,validation,0,850,0.7284221745939816,0.7776470588235294
42,0.1,1.0,18,5,validation,1,890,0.5073394386955862,0.852808988764045
42,0.1,1.0,18,5,validation,2,1332,0.5328598899526281,0.8288288288288288
42,0.1,1.0,18,5,validation,3,2116,0.40094165072999965,0.8998109640831758
42,0.1,1.0,18,5,validation,4,810,0.44421452585561777,0.8555555555555555
42,0.1,1.0,19,5,validation,0,850,0.7134861062554753,0.7835294117647059
42,0.1,1.0,19,5,validation,1,890,0.5294187232349695,0.8449438202247191
42,0.1,1.0,19,5,validation,2,1332,0.5063633836425461,0.8423423423423423
42,0.1,1.0,19,5,validation,3,2116,0.39324023102767525,0.8979206049149339
42,0.1,1.0,19,5,validation,4,810,0.4206452190876007,0.8691358024691358
42,0.1,1.0,20,5,validation,0,850,0.6885754505325766,0.7941176470588235
42,0.1,1.0,20,5,validation,1,890,0.5253052771761176,0.849438202247191
42,0.1,1.0,20,5,validation,2,1332,0.547273881263561,0.8220720720720721
42,0.1,1.0,20,5,validation,3,2116,0.37096769969720245,0.9050094517958412
42,0.1,1.0,20,5,validation,4,810,0.46829069161120757,0.8358024691358025
