seed,alpha,mu,round,local_epochs,client_id,client_size,client_weight,update_magnitude,relative_update_magnitude,aggregate_alignment,loo_alignment
42,0.1,0.0,1,5,0,6804,0.14175295318652473,1.49860680103302,0.22078099823185435,0.3883252739906311,0.2508734166622162
42,0.1,0.0,1,5,1,7123,0.1483989249776037,1.8854166269302368,0.2777674335186882,0.6075106859207153,0.4592028558254242
42,0.1,0.0,1,5,2,10660,0.2220879601658368,2.131587266921997,0.3140343179311244,0.6447640061378479,0.3774909973144531
42,0.1,0.0,1,5,3,16931,0.3527365153440697,2.557044744491577,0.37671448629701515,0.8213911652565002,0.3109728991985321
42,0.1,0.0,1,5,4,6481,0.1350236463259651,1.4822487831115723,0.21837106687207253,0.6113897562026978,0.5110904574394226
42,0.1,0.0,2,5,0,6804,0.14175295318652473,1.0643854141235352,0.1505818255214009,0.3904210329055786,0.23141568899154663
42,0.1,0.0,2,5,1,7123,0.1483989249776037,1.2460275888442993,0.1762792936548334,0.627408504486084,0.47236451506614685
42,0.1,0.0,2,5,2,10660,0.2220879601658368,1.382399559020996,0.1955722489571819,0.6537085771560669,0.3736996650695801
42,0.1,0.0,2,5,3,16931,0.3527365153440697,1.5370020866394043,0.2174443363891323,0.7762974500656128,0.24646611511707306
42,0.1,0.0,2,5,4,6481,0.1350236463259651,0.9430909156799316,0.13342192577175938,0.6568920016288757,0.56193608045578
42,0.1,0.0,3,5,0,6804,0.14175295318652473,0.8426588177680969,0.11425577917705079,0.3664165139198303,0.15578292310237885
42,0.1,0.0,3,5,1,7123,0.1483989249776037,0.8991425037384033,0.12191438004284659,0.5637768507003784,0.3596886992454529
42,0.1,0.0,3,5,2,10660,0.2220879601658368,0.970877468585968,0.1316408958403143,0.5904847383499146,0.23365862667560577
42,0.1,0.0,3,5,3,16931,0.3527365153440697,1.0269644260406494,0.13924570444200662,0.6931240558624268,0.03732350468635559
42,0.1,0.0,3,5,4,6481,0.1350236463259651,0.6484649181365967,0.08792510435827353,0.5294073224067688,0.39829468727111816
42,0.1,0.0,4,5,0,6804,0.14175295318652473,0.7121441960334778,0.0936651683957003,0.3453654944896698,0.08859574049711227
42,0.1,0.0,4,5,1,7123,0.1483989249776037,0.732295572757721,0.09631558962330333,0.49863773584365845,0.2425413578748703
42,0.1,0.0,4,5,2,10660,0.2220879601658368,0.7792051434516907,0.10248539745561225,0.5468055009841919,0.11608265340328217
42,0.1,0.0,4,5,3,16931,0.3527365153440697,0.7899370789527893,0.10389692134574718,0.6131430268287659,-0.13759206235408783
42,0.1,0.0,4,5,4,6481,0.1350236463259651,0.5212758183479309,0.06856109700551453,0.4394918382167816,0.27496838569641113
42,0.1,0.0,5,5,0,6804,0.14175295318652473,0.6400550603866577,0.08231891672306678,0.3250303864479065,0.027567455545067787
42,0.1,0.0,5,5,1,7123,0.1483989249776037,0.6415149569511414,0.082506677294233,0.44388270378112793,0.143792062997818
42,0.1,0.0,5,5,2,10660,0.2220879601658368,0.675147533416748,0.0868322383789027,0.5007965564727783,0.007792008109390736
42,0.1,0.0,5,5,3,16931,0.3527365153440697,0.6743500232696533,0.0867296688103646,0.561320960521698,-0.2595676779747009
42,0.1,0.0,5,5,4,6481,0.1350236463259651,0.4644891321659088,0.059738988965162575,0.36890074610710144,0.17196309566497803
42,0.1,0.0,6,5,0,6804,0.14175295318652473,0.5894686579704285,0.07449510083248569,0.2979870140552521,-0.03060378134250641
42,0.1,0.0,6,5,1,7123,0.1483989249776037,0.5863512754440308,0.07410113633157905,0.40271225571632385,0.06754636019468307
42,0.1,0.0,6,5,2,10660,0.2220879601658368,0.6153094172477722,0.07776077058765404,0.4780445098876953,-0.06485392153263092
42,0.1,0.0,6,5,3,16931,0.3527365153440697,0.6066085696220398,0.07666118622054162,0.5238919258117676,-0.3459036350250244
42,0.1,0.0,6,5,4,6481,0.1350236463259651,0.4321240186691284,0.05461040533305261,0.3084767162799835,0.08379705250263214
42,0.1,0.0,7,5,0,6804,0.14175295318652473,0.5512815117835999,0.06866871984029757,0.2632144093513489,-0.08343186974525452
42,0.1,0.0,7,5,1,7123,0.1483989249776037,0.5563423037528992,0.06929910213769312,0.36612218618392944,0.002904636552557349
42,0.1,0.0,7,5,2,10660,0.2220879601658368,0.5765586495399475,0.07181729031446321,0.4675011932849884,-0.10812029987573624
42,0.1,0.0,7,5,3,16931,0.3527365153440697,0.564965546131134,0.0703732303323249,0.5049598813056946,-0.39602091908454895
42,0.1,0.0,7,5,4,6481,0.1350236463259651,0.4189049303531647,0.05217962998445794,0.28090471029281616,0.033248115330934525
42,0.1,0.0,8,5,0,6804,0.14175295318652473,0.5213929414749146,0.06414153522456487,0.24244733154773712,-0.11816510558128357
42,0.1,0.0,8,5,1,7123,0.1483989249776037,0.528725266456604,0.06504355468758366,0.3533112406730652,-0.028457894921302795
42,0.1,0.0,8,5,2,10660,0.2220879601658368,0.5557754039764404,0.06837125096143394,0.45932281017303467,-0.1539269983768463
42,0.1,0.0,8,5,3,16931,0.3527365153440697,0.5362197160720825,0.06596551865326399,0.47860875725746155,-0.44581565260887146
42,0.1,0.0,8,5,4,6481,0.1350236463259651,0.40258458256721497,0.04952578205327342,0.25108131766319275,-0.012544069439172745
42,0.1,0.0,9,5,0,6804,0.14175295318652473,0.510439932346344,0.06210392054049322,0.23377680778503418,-0.14270925521850586
42,0.1,0.0,9,5,1,7123,0.1483989249776037,0.5015140175819397,0.061017927329241765,0.3208049535751343,-0.06725891679525375
42,0.1,0.0,9,5,2,10660,0.2220879601658368,0.5315123796463013,0.0646677512868352,0.42664670944213867,-0.19878292083740234
42,0.1,0.0,9,5,3,16931,0.3527365153440697,0.5189307332038879,0.06313697455599346,0.49099814891815186,-0.462995320558548
42,0.1,0.0,9,5,4,6481,0.1350236463259651,0.3934226334095001,0.04786672518308547,0.23446479439735413,-0.04120201617479324
42,0.1,0.0,10,5,0,6804,0.14175295318652473,0.49909356236457825,0.06011425038034635,0.21680286526679993,-0.1702052801847458
42,0.1,0.0,10,5,1,7123,0.1483989249776037,0.49591317772865295,0.05973118305043725,0.300406813621521,-0.10479943454265594
42,0.1,0.0,10,5,2,10660,0.2220879601658368,0.5239855647087097,0.06311241379943335,0.43895095586776733,-0.2121022790670395
42,0.1,0.0,10,5,3,16931,0.3527365153440697,0.49801331758499146,0.059984138293056585,0.47577834129333496,-0.4799729287624359
42,0.1,0.0,10,5,4,6481,0.1350236463259651,0.3819337785243988,0.046002722780374934,0.2221158742904663,-0.06022484600543976
42,0.1,0.0,11,5,0,6804,0.14175295318652473,0.4895625412464142,0.05841530445071839,0.20199960470199585,-0.1968163251876831
42,0.1,0.0,11,5,1,7123,0.1483989249776037,0.48454323410987854,0.057816393525536275,0.3067820072174072,-0.11092536151409149
42,0.1,0.0,11,5,2,10660,0.2220879601658368,0.5111743211746216,0.060994053022890536,0.43846815824508667,-0.23122766613960266
42,0.1,0.0,11,5,3,16931,0.3527365153440697,0.4830932319164276,0.0576433771845209,0.45240429043769836,-0.5082929730415344
42,0.1,0.0,11,5,4,6481,0.1350236463259651,0.3778882324695587,0.04509016578730083,0.21858707070350647,-0.07610967755317688
42,0.1,0.0,12,5,0,6804,0.14175295318652473,0.4846096336841583,0.05731952542728958,0.21921560168266296,-0.1905045509338379
42,0.1,0.0,12,5,1,7123,0.1483989249776037,0.4794960916042328,0.05671469674684111,0.2931516766548157,-0.13477863371372223
42,0.1,0.0,12,5,2,10660,0.2220879601658368,0.5034351348876953,0.05954620174553398,0.4180082678794861,-0.2623182237148285
42,0.1,0.0,12,5,3,16931,0.3527365153440697,0.4750826954841614,0.056192681183093555,0.448152631521225,-0.5229731798171997
42,0.1,0.0,12,5,4,6481,0.1350236463259651,0.37319880723953247,0.04414187633533998,0.206101194024086,-0.0952097699046135
42,0.1,0.0,13,5,0,6804,0.14175295318652473,0.4794069528579712,0.0562343401852566,0.18970419466495514,-0.22572584450244904
42,0.1,0.0,13,5,1,7123,0.1483989249776037,0.464536190032959,0.05449000266463715,0.2509705424308777,-0.17518754303455353
42,0.1,0.0,13,5,2,10660,0.2220879601658368,0.49842289090156555,0.05846490593427287,0.4287137985229492,-0.2675445079803467
42,0.1,0.0,13,5,3,16931,0.3527365153440697,0.46825507283210754,0.05492622687705147,0.44684621691703796,-0.5354427695274353
42,0.1,0.0,13,5,4,6481,0.1350236463259651,0.37178632616996765,0.043610462087442174,0.22775764763355255,-0.08231960237026215
42,0.1,0.0,14,5,0,6804,0.14175295318652473,0.4690703749656677,0.05458824715963002,0.2031553089618683,-0.21648237109184265
42,0.1,0.0,14,5,1,7123,0.1483989249776037,0.46279704570770264,0.05385818602952219,0.2922137677669525,-0.14674706757068634
42,0.1,0.0,14,5,2,10660,0.2220879601658368,0.48665666580200195,0.056634858589450575,0.3987976908683777,-0.2961532175540924
42,0.1,0.0,14,5,3,16931,0.3527365153440697,0.4606819152832031,0.053612036904466316,0.44894394278526306,-0.5432299971580505
42,0.1,0.0,14,5,4,6481,0.1350236463259651,0.3587481379508972,0.041749453957636906,0.17712248861789703,-0.13000580668449402
42,0.1,0.0,15,5,0,6804,0.14175295318652473,0.4611789882183075,0.05325848867661879,0.17417533695697784,-0.24648483097553253
42,0.1,0.0,15,5,1,7123,0.1483989249776037,0.4561353623867035,0.052676033933224384,0.2807789444923401,-0.16332368552684784
42,0.1,0.0,15,5,2,10660,0.2220879601658368,0.4901784360408783,0.05660744169256903,0.4111456274986267,-0.3087925910949707
42,0.1,0.0,15,5,3,16931,0.3527365153440697,0.45296886563301086,0.05231035632038991,0.4368988871574402,-0.5554907917976379
42,0.1,0.0,15,5,4,6481,0.1350236463259651,0.3598240315914154,0.04155368002805721,0.18523989617824554,-0.13147610425949097
42,0.1,0.0,16,5,0,6804,0.14175295318652473,0.4586184024810791,0.05257202062229238,0.20137716829776764,-0.23170728981494904
42,0.1,0.0,16,5,1,7123,0.1483989249776037,0.45207589864730835,0.051822044946197236,0.2669565975666046,-0.18519790470600128
42,0.1,0.0,16,5,2,10660,0.2220879601658368,0.47759729623794556,0.054747595759653864,0.4086761474609375,-0.3127749264240265
42,0.1,0.0,16,5,3,16931,0.3527365153440697,0.4438187777996063,0.05087552050422598,0.41819941997528076,-0.5690290331840515
42,0.1,0.0,16,5,4,6481,0.1350236463259651,0.35998743772506714,0.04126582556972125,0.2003558725118637,-0.12621170282363892
42,0.1,0.0,17,5,0,6804,0.14175295318652473,0.45324772596359253,0.051585505176077344,0.1559087634086609,-0.27649083733558655
42,0.1,0.0,17,5,1,7123,0.1483989249776037,0.44154033064842224,0.05025305083150196,0.27850788831710815,-0.17461428046226501
42,0.1,0.0,17,5,2,10660,0.2220879601658368,0.47257348895072937,0.05378502916593332,0.4072315990924835,-0.32296985387802124
42,0.1,0.0,17,5,3,16931,0.3527365153440697,0.43755438923835754,0.04979939869060418,0.429558128118515,-0.5707308650016785
42,0.1,0.0,17,5,4,6481,0.1350236463259651,0.3531709313392639,0.040195460149104134,0.18210452795028687,-0.14543522894382477
42,0.1,0.0,18,5,0,6804,0.14175295318652473,0.4509343206882477,0.050965000903233595,0.16476480662822723,-0.2771104872226715
42,0.1,0.0,18,5,1,7123,0.1483989249776037,0.43733134865760803,0.04942758081782052,0.27459999918937683,-0.18548358976840973
42,0.1,0.0,18,5,2,10660,0.2220879601658368,0.46827536821365356,0.05292490162989913,0.4133395552635193,-0.3292800188064575
42,0.1,0.0,18,5,3,16931,0.3527365153440697,0.4269609749317169,0.048255511888801686,0.4094221591949463,-0.579656720161438
42,0.1,0.0,18,5,4,6481,0.1350236463259651,0.35064998269081116,0.039630775180918246,0.19622382521629333,-0.1378929316997528
42,0.1,0.0,19,5,0,6804,0.14175295318652473,0.44852542877197266,0.05034912615687887,0.1814873069524765,-0.2699039578437805
42,0.1,0.0,19,5,1,7123,0.1483989249776037,0.4331085681915283,0.048618509767005394,0.2468549758195877,-0.21685585379600525
42,0.1,0.0,19,5,2,10660,0.2220879601658368,0.45997512340545654,0.051634409181159975,0.39715051651000977,-0.34500694274902344
42,0.1,0.0,19,5,3,16931,0.3527365153440697,0.42552393674850464,0.0477670985852051,0.41178378462791443,-0.5908729434013367
42,0.1,0.0,19,5,4,6481,0.1350236463259651,0.3526598811149597,0.03958775959111586,0.19526860117912292,-0.1483292132616043
42,0.1,0.0,20,5,0,6804,0.14175295318652473,0.4436582326889038,0.049474095749370485,0.1761304885149002,-0.28024402260780334
42,0.1,0.0,20,5,1,7123,0.1483989249776037,0.4292137026786804,0.04786332870364421,0.26301082968711853,-0.2092284858226776
42,0.1,0.0,20,5,2,10660,0.2220879601658368,0.4501781463623047,0.05020115727914413,0.36706677079200745,-0.3694252073764801
42,0.1,0.0,20,5,3,16931,0.3527365153440697,0.4189779758453369,0.04672190205559566,0.4330168664455414,-0.5885580778121948
42,0.1,0.0,20,5,4,6481,0.1350236463259651,0.34282949566841125,0.038230281880739195,0.15464910864830017,-0.1855110228061676
42,0.1,0.1,1,5,0,6804,0.14175295318652473,1.283117413520813,0.1890342037754827,0.40456336736679077,0.25210896134376526
42,0.1,0.1,1,5,1,7123,0.1483989249776037,1.5819472074508667,0.23305905416306805,0.6363232135772705,0.4796319603919983
42,0.1,0.1,1,5,2,10660,0.2220879601658368,1.6849279403686523,0.24823060483037063,0.6672420501708984,0.4000067412853241
42,0.1,0.1,1,5,3,16931,0.3527365153440697,1.8414344787597656,0.2712878001880745,0.7950544357299805,0.31475186347961426
42,0.1,0.1,1,5,4,6481,0.1350236463259651,1.2547351121902466,0.18485280488181674,0.6172547340393066,0.5066461563110352
42,0.1,0.1,2,5,0,6804,0.14175295318652473,0.9598987698554993,0.13743339726920437,0.41612568497657776,0.24982579052448273
42,0.1,0.1,2,5,1,7123,0.1483989249776037,1.1207774877548218,0.16046718941850177,0.6543362140655518,0.49643540382385254
42,0.1,0.1,2,5,2,10660,0.2220879601658368,1.166520357131958,0.16701641954230706,0.6748624444007874,0.40746355056762695
42,0.1,0.1,2,5,3,16931,0.3527365153440697,1.216130018234253,0.1741192771318513,0.7642686367034912,0.285356730222702
42,0.1,0.1,2,5,4,6481,0.1350236463259651,0.8856483697891235,0.12680260467921517,0.6813157200813293,0.5804564952850342
42,0.1,0.1,3,5,0,6804,0.14175295318652473,0.7689281702041626,0.1065957118963435,0.3975614309310913,0.19524037837982178
42,0.1,0.1,3,5,1,7123,0.1483989249776037,0.839078962802887,0.11632064325783634,0.6148685216903687,0.424151211977005
42,0.1,0.1,3,5,2,10660,0.2220879601658368,0.8524888753890991,0.11817964548195238,0.6255667209625244,0.3076915740966797
42,0.1,0.1,3,5,3,16931,0.3527365153440697,0.8698632717132568,0.12058823996022602,0.7068639993667603,0.1426112949848175
42,0.1,0.1,3,5,4,6481,0.1350236463259651,0.6392626762390137,0.08862031943031357,0.6022623777389526,0.47600406408309937
42,0.1,0.1,4,5,0,6804,0.14175295318652473,0.6478919386863708,0.08747795390899496,0.3769848346710205,0.1371021568775177
42,0.1,0.1,4,5,1,7123,0.1483989249776037,0.6787269711494446,0.09164128021006947,0.5628796219825745,0.331106573343277
42,0.1,0.1,4,5,2,10660,0.2220879601658368,0.6817746758460999,0.09205277934296931,0.5843715071678162,0.2098924070596695
42,0.1,0.1,4,5,3,16931,0.3527365153440697,0.6759932637214661,0.0912721767869427,0.6429862380027771,-0.003846290986984968
42,0.1,0.1,4,5,4,6481,0.1350236463259651,0.5039141774177551,0.06803816895085377,0.5296145677566528,0.37703564763069153
42,0.1,0.1,5,5,0,6804,0.14175295318652473,0.5780682563781738,0.07644543426416309,0.35811519622802734,0.07861002534627914
42,0.1,0.1,5,5,1,7123,0.1483989249776037,0.583943247795105,0.07722236028494033,0.5136833190917969,0.24075965583324432
42,0.1,0.1,5,5,2,10660,0.2220879601658368,0.5801076889038086,0.0767151347767832,0.5380489230155945,0.10705199092626572
42,0.1,0.1,5,5,3,16931,0.3527365153440697,0.5656783580780029,0.07480695793270067,0.5891684889793396,-0.12715411186218262
42,0.1,0.1,5,5,4,6481,0.1350236463259651,0.4347878694534302,0.05749761749832813,0.46493563055992126,0.2828853726387024
42,0.1,0.1,6,5,0,6804,0.14175295318652473,0.5299682021141052,0.06892330608210338,0.3393363952636719,0.02415655367076397
42,0.1,0.1,6,5,1,7123,0.1483989249776037,0.5202951431274414,0.06766530757836575,0.474412202835083,0.16689884662628174
42,0.1,0.1,6,5,2,10660,0.2220879601658368,0.5188016891479492,0.0674710812354692,0.5109226703643799,0.029463523998856544
42,0.1,0.1,6,5,3,16931,0.3527365153440697,0.49806439876556396,0.06477415978501799,0.5407963395118713,-0.23089993000030518
42,0.1,0.1,6,5,4,6481,0.1350236463259651,0.3932146728038788,0.0511382666762349,0.400797963142395,0.18973055481910706
42,0.1,0.1,7,5,0,6804,0.14175295318652473,0.48949164152145386,0.06278323261684238,0.3083993196487427,-0.03480490297079086
42,0.1,0.1,7,5,1,7123,0.1483989249776037,0.4867262840270996,0.06242854201927236,0.4250667095184326,0.07660748809576035
42,0.1,0.1,7,5,2,10660,0.2220879601658368,0.4780559241771698,0.06131646333772859,0.4902896285057068,-0.03702289238572121
42,0.1,0.1,7,5,3,16931,0.3527365153440697,0.4531208574771881,0.05811823897566292,0.5040569305419922,-0.31103354692459106
42,0.1,0.1,7,5,4,6481,0.1350236463259651,0.37472835183143616,0.048063450497403154,0.36456605792045593,0.12311698496341705
42,0.1,0.1,8,5,0,6804,0.14175295318652473,0.45477139949798584,0.057646563505944305,0.28581005334854126,-0.0771225318312645
42,0.1,0.1,8,5,1,7123,0.1483989249776037,0.4556742012500763,0.057761002141690984,0.4079524278640747,0.03327036276459694
42,0.1,0.1,8,5,2,10660,0.2220879601658368,0.4550304114818573,0.05767939571745437,0.47615712881088257,-0.09967122226953506
42,0.1,0.1,8,5,3,16931,0.3527365153440697,0.4245868921279907,0.0538203925485779,0.4651110768318176,-0.386609822511673
42,0.1,0.1,8,5,4,6481,0.1350236463259651,0.3537037670612335,0.044835287998970644,0.3206380307674408,0.056899648159742355
42,0.1,0.1,9,5,0,6804,0.14175295318652473,0.44203850626945496,0.05546062684818816,0.2744700014591217,-0.11637312918901443
42,0.1,0.1,9,5,1,7123,0.1483989249776037,0.4278690814971924,0.05368285145350592,0.36777716875076294,-0.026360468938946724
42,0.1,0.1,9,5,2,10660,0.2220879601658368,0.42597177624702454,0.053444804910039126,0.42546916007995605,-0.17307284474372864
42,0.1,0.1,9,5,3,16931,0.3527365153440697,0.40600621700286865,0.05093981402044332,0.471408486366272,-0.4244513213634491
42,0.1,0.1,9,5,4,6481,0.1350236463259651,0.34317824244499207,0.04305706443378671,0.29223546385765076,0.006217690650373697
42,0.1,0.1,10,5,0,6804,0.14175295318652473,0.42911747097969055,0.05335048769396829,0.25707781314849854,-0.15540139377117157
42,0.1,0.1,10,5,1,7123,0.1483989249776037,0.42083409428596497,0.05232064804340783,0.34432899951934814,-0.0803564190864563
42,0.1,0.1,10,5,2,10660,0.2220879601658368,0.4152636229991913,0.05162809325379245,0.42726269364356995,-0.20875877141952515
42,0.1,0.1,10,5,3,16931,0.3527365153440697,0.3855249583721161,0.04793080202582258,0.44522371888160706,-0.4642702639102936
42,0.1,0.1,10,5,4,6481,0.1350236463259651,0.33113741874694824,0.041169013099230364,0.25936585664749146,-0.04276616871356964
42,0.1,0.1,11,5,0,6804,0.14175295318652473,0.4156592786312103,0.051255954376644264,0.2377193570137024,-0.19014036655426025
42,0.1,0.1,11,5,1,7123,0.1483989249776037,0.4096851944923401,0.0505192755634766,0.34642547369003296,-0.09862738102674484
42,0.1,0.1,11,5,2,10660,0.2220879601658368,0.40215227007865906,0.049590372373003344,0.42673221230506897,-0.2351132333278656
42,0.1,0.1,11,5,3,16931,0.3527365153440697,0.3722062408924103,0.04589765484054123,0.41243648529052734,-0.5074211955070496
42,0.1,0.1,11,5,4,6481,0.1350236463259651,0.32663366198539734,0.04027798953924923,0.2501750886440277,-0.07064901292324066
42,0.1,0.1,12,5,0,6804,0.14175295318652473,0.41048237681388855,0.05024021261706718,0.25064656138420105,-0.19288486242294312
42,0.1,0.1,12,5,1,7123,0.1483989249776037,0.4045262336730957,0.04951122176466137,0.3251239061355591,-0.13598130643367767
42,0.1,0.1,12,5,2,10660,0.2220879601658368,0.3956089913845062,0.04841981279355282,0.40823090076446533,-0.2715604603290558
42,0.1,0.1,12,5,3,16931,0.3527365153440697,0.36349546909332275,0.04448933909011417,0.4040638208389282,-0.5272438526153564
42,0.1,0.1,12,5,4,6481,0.1350236463259651,0.3213611841201782,0.03933239312826927,0.2346470057964325,-0.09643062949180603
42,0.1,0.1,13,5,0,6804,0.14175295318652473,0.40890058875083923,0.04969799554951034,0.22349341213703156,-0.23436984419822693
42,0.1,0.1,13,5,1,7123,0.1483989249776037,0.38976797461509705,0.0473726074274893,0.27504652738571167,-0.1864621639251709
42,0.1,0.1,13,5,2,10660,0.2220879601658368,0.3942267596721649,0.047914530540389015,0.4164310097694397,-0.2905842959880829
42,0.1,0.1,13,5,3,16931,0.3527365153440697,0.35838451981544495,0.043558245600018905,0.3950001001358032,-0.5499563217163086
42,0.1,0.1,13,5,4,6481,0.1350236463259651,0.3183080554008484,0.03868733074953829,0.2598191499710083,-0.0827067494392395
42,0.1,0.1,14,5,0,6804,0.14175295318652473,0.3948040008544922,0.0476715577047784,0.21760420501232147,-0.23622603714466095
42,0.1,0.1,14,5,1,7123,0.1483989249776037,0.38760632276535034,0.04680245676956927,0.3259962201118469,-0.14806237816810608
42,0.1,0.1,14,5,2,10660,0.2220879601658368,0.3836267590522766,0.04632193478707407,0.38531818985939026,-0.31584882736206055
42,0.1,0.1,14,5,3,16931,0.3527365153440697,0.35350140929222107,0.042684377046132094,0.4087953567504883,-0.5523586869239807
42,0.1,0.1,14,5,4,6481,0.1350236463259651,0.307757705450058,0.037160943614296955,0.19969379901885986,-0.13952483236789703
42,0.1,0.1,15,5,0,6804,0.14175295318652473,0.3897964060306549,0.046771481143438466,0.19615012407302856,-0.26268836855888367
42,0.1,0.1,15,5,1,7123,0.1483989249776037,0.38233044743537903,0.04587564440340147,0.30805081129074097,-0.17338164150714874
42,0.1,0.1,15,5,2,10660,0.2220879601658368,0.3888256251811981,0.04665499762154778,0.4003162384033203,-0.3328358829021454
42,0.1,0.1,15,5,3,16931,0.3527365153440697,0.3484090566635132,0.0418054332257213,0.3909708261489868,-0.5703369975090027
42,0.1,0.1,15,5,4,6481,0.1350236463259651,0.30836206674575806,0.03700021438631914,0.20122605562210083,-0.14914052188396454
42,0.1,0.1,16,5,0,6804,0.14175295318652473,0.38665440678596497,0.046117182056135006,0.22953592240810394,-0.24187372624874115
42,0.1,0.1,16,5,1,7123,0.1483989249776037,0.3809172511100769,0.045432897981918366,0.29253533482551575,-0.19924026727676392
42,0.1,0.1,16,5,2,10660,0.2220879601658368,0.3798210024833679,0.04530214582544621,0.3958944082260132,-0.33888599276542664
42,0.1,0.1,16,5,3,16931,0.3527365153440697,0.34372201561927795,0.040996534612860666,0.3678567409515381,-0.5883511900901794
42,0.1,0.1,16,5,4,6481,0.1350236463259651,0.3084278702735901,0.03678691874438362,0.21541491150856018,-0.14522626996040344
42,0.1,0.1,17,5,0,6804,0.14175295318652473,0.38106584548950195,0.04518885153966687,0.1573600322008133,-0.30936387181282043
42,0.1,0.1,17,5,1,7123,0.1483989249776037,0.3704186677932739,0.04392625155090835,0.31306028366088867,-0.18021956086158752
42,0.1,0.1,17,5,2,10660,0.2220879601658368,0.3788844347000122,0.04493016803528024,0.4158001244068146,-0.3409007787704468
42,0.1,0.1,17,5,3,16931,0.3527365153440697,0.33570894598960876,0.0398101847762696,0.3743821382522583,-0.5884520411491394
42,0.1,0.1,17,5,4,6481,0.1350236463259651,0.3033198416233063,0.035969309384166426,0.19113682210445404,-0.17236323654651642
42,0.1,0.1,18,5,0,6804,0.14175295318652473,0.37787336111068726,0.04456045507948751,0.17629681527614594,-0.30179011821746826
42,0.1,0.1,18,5,1,7123,0.1483989249776037,0.3682798743247986,0.043429149777304464,0.29964348673820496,-0.20335514843463898
42,0.1,0.1,18,5,2,10660,0.2220879601658368,0.3753167390823364,0.04425896719287201,0.41478875279426575,-0.3540117144584656
42,0.1,0.1,18,5,3,16931,0.3527365153440697,0.32805877923965454,0.03868610492354362,0.3499594032764435,-0.6008052825927734
42,0.1,0.1,18,5,4,6481,0.1350236463259651,0.3032616972923279,0.03576192616437317,0.21731728315353394,-0.15747016668319702
42,0.1,0.1,19,5,0,6804,0.14175295318652473,0.37640079855918884,0.0441482915789469,0.19935601949691772,-0.2899651527404785
42,0.1,0.1,19,5,1,7123,0.1483989249776037,0.3615339398384094,0.042404548164532305,0.2622283697128296,-0.23829297721385956
42,0.1,0.1,19,5,2,10660,0.2220879601658368,0.37087368965148926,0.043500013422843715,0.40066418051719666,-0.3704523742198944
42,0.1,0.1,19,5,3,16931,0.3527365153440697,0.32879820466041565,0.038564952745974775,0.3549869656562805,-0.6121459007263184
42,0.1,0.1,19,5,4,6481,0.1350236463259651,0.30509617924690247,0.03578492695173395,0.20970192551612854,-0.17466647922992706
42,0.1,0.1,20,5,0,6804,0.14175295318652473,0.3728351593017578,0.043502083158535515,0.20448027551174164,-0.2891949713230133
42,0.1,0.1,20,5,1,7123,0.1483989249776037,0.35966604948043823,0.04196552284152083,0.2707340121269226,-0.23660217225551605
42,0.1,0.1,20,5,2,10660,0.2220879601658368,0.360127329826355,0.0420193446323762,0.3481329679489136,-0.39975252747535706
42,0.1,0.1,20,5,3,16931,0.3527365153440697,0.32743290066719055,0.03820458698246345,0.4023260772228241,-0.6023258566856384
42,0.1,0.1,20,5,4,6481,0.1350236463259651,0.29335498809814453,0.03422840568769425,0.15375301241874695,-0.21839149296283722
42,0.1,1.0,1,5,0,6804,0.14175295318652473,0.7405504584312439,0.10910097921669906,0.4208395779132843,0.24053232371807098
42,0.1,1.0,1,5,1,7123,0.1483989249776037,0.8322746157646179,0.12261416426569163,0.6247525215148926,0.4505806267261505
42,0.1,1.0,1,5,2,10660,0.2220879601658368,0.860241711139679,0.12673439328793762,0.6374634504318237,0.3422793447971344
42,0.1,1.0,1,5,3,16931,0.3527365153440697,0.9005452990531921,0.13267208579389514,0.7560527324676514,0.24141040444374084
42,0.1,1.0,1,5,4,6481,0.1350236463259651,0.7008463144302368,0.10325159928565837,0.5513523817062378,0.40964043140411377
42,0.1,1.0,2,5,0,6804,0.14175295318652473,0.6206917762756348,0.09053165163362656,0.4113847613334656,0.21109594404697418
42,0.1,1.0,2,5,1,7123,0.1483989249776037,0.6685007214546204,0.09750487559977271,0.6182031631469727,0.4318099617958069
42,0.1,1.0,2,5,2,10660,0.2220879601658368,0.6694642901420593,0.09764541792379015,0.6160919070243835,0.3064126968383789
42,0.1,1.0,2,5,3,16931,0.3527365153440697,0.6970596313476562,0.1016703654295015,0.7300237417221069,0.18752288818359375
42,0.1,1.0,2,5,4,6481,0.1350236463259651,0.5446346998214722,0.07943826677981689,0.5640799403190613,0.42236873507499695
42,0.1,1.0,3,5,0,6804,0.14175295318652473,0.5332551598548889,0.07685496968387195,0.3892418146133423,0.16668365895748138
42,0.1,1.0,3,5,1,7123,0.1483989249776037,0.5522715449333191,0.07959569084088297,0.6068254709243774,0.40649691224098206
42,0.1,1.0,3,5,2,10660,0.2220879601658368,0.5519159436225891,0.07954444008887311,0.5979253649711609,0.2638421952724457
42,0.1,1.0,3,5,3,16931,0.3527365153440697,0.5602035522460938,0.08073888499529384,0.6973007917404175,0.12026412785053253
42,0.1,1.0,3,5,4,6481,0.1350236463259651,0.44817954301834106,0.06459351504630433,0.5528754591941833,0.40208321809768677
42,0.1,1.0,4,5,0,6804,0.14175295318652473,0.464740127325058,0.06619236102672632,0.3698981702327728,0.12741811573505402
42,0.1,1.0,4,5,1,7123,0.1483989249776037,0.4730459749698639,0.06737535262485324,0.5898575186729431,0.3712673783302307
42,0.1,1.0,4,5,2,10660,0.2220879601658368,0.4705584943294525,0.06702106383652587,0.5871153473854065,0.22812172770500183
42,0.1,1.0,4,5,3,16931,0.3527365153440697,0.4628244936466217,0.06591951969329586,0.6583141684532166,0.04966528341174126
42,0.1,1.0,4,5,4,6481,0.1350236463259651,0.37636569142341614,0.05360529952118252,0.5575630068778992,0.40184617042541504
42,0.1,1.0,5,5,0,6804,0.14175295318652473,0.42294102907180786,0.05958019572887518,0.3627089262008667,0.09328681975603104
42,0.1,1.0,5,5,1,7123,0.1483989249776037,0.41135740280151367,0.057948396794756885,0.5715240836143494,0.3343478739261627
42,0.1,1.0,5,5,2,10660,0.2220879601658368,0.4057294726371765,0.05715558371281132,0.5711901783943176,0.1881924569606781
42,0.1,1.0,5,5,3,16931,0.3527365153440697,0.3908681869506836,0.055062057076421436,0.6196503043174744,-0.017413770779967308
42,0.1,1.0,5,5,4,6481,0.1350236463259651,0.33250150084495544,0.04683987397477989,0.5382128357887268,0.36649584770202637
42,0.1,1.0,6,5,0,6804,0.14175295318652473,0.3919088542461395,0.05466148490662639,0.35143864154815674,0.05338422954082489
42,0.1,1.0,6,5,1,7123,0.1483989249776037,0.363294780254364,0.050670537122026967,0.5659021735191345,0.31477275490760803
42,0.1,1.0,6,5,2,10660,0.2220879601658368,0.3621223270893097,0.05050700922442787,0.5513702034950256,0.13663199543952942
42,0.1,1.0,6,5,3,16931,0.3527365153440697,0.3457474708557129,0.04822312625734702,0.571357250213623,-0.10934168845415115
42,0.1,1.0,6,5,4,6481,0.1350236463259651,0.29785677790641785,0.04154357216854945,0.5040144920349121,0.3141794204711914
42,0.1,1.0,7,5,0,6804,0.14175295318652473,0.3611386716365814,0.04992160310554136,0.3356381356716156,0.013621601276099682
42,0.1,1.0,7,5,1,7123,0.1483989249776037,0.33627164363861084,0.04648413711359046,0.5124993920326233,0.22450433671474457
42,0.1,1.0,7,5,2,10660,0.2220879601658368,0.33162495493888855,0.045841807262923084,0.5131961107254028,0.056743789464235306
42,0.1,1.0,7,5,3,16931,0.3527365153440697,0.31187066435813904,0.043111094848396335,0.5463609099388123,-0.17323462665081024
42,0.1,1.0,7,5,4,6481,0.1350236463259651,0.2756747305393219,0.03810759014492941,0.4816441833972931,0.2712041139602661
42,0.1,1.0,8,5,0,6804,0.14175295318652473,0.330890417098999,0.045373320864604084,0.29558485746383667,-0.03851458430290222
42,0.1,1.0,8,5,1,7123,0.1483989249776037,0.3091007173061371,0.042385410096704386,0.5333870053291321,0.23912495374679565
42,0.1,1.0,8,5,2,10660,0.2220879601658368,0.3170963227748871,0.04348180683016383,0.5389245748519897,0.047250933945178986
42,0.1,1.0,8,5,3,16931,0.3527365153440697,0.2869018614292145,0.03934139383488149,0.4876475930213928,-0.25428399443626404
42,0.1,1.0,8,5,4,6481,0.1350236463259651,0.25476381182670593,0.03493446646188084,0.4497986435890198,0.2247670739889145
42,0.1,1.0,9,5,0,6804,0.14175295318652473,0.32155483961105347,0.04376965612147512,0.3264614939689636,-0.04333332180976868
42,0.1,1.0,9,5,1,7123,0.1483989249776037,0.285629540681839,0.03887954785224519,0.48837190866470337,0.16574493050575256
42,0.1,1.0,9,5,2,10660,0.2220879601658368,0.28110313415527344,0.038263418866678015,0.4518604874610901,-0.057547587901353836
42,0.1,1.0,9,5,3,16931,0.3527365153440697,0.26680371165275574,0.03631699875859338,0.48609280586242676,-0.29777804017066956
42,0.1,1.0,9,5,4,6481,0.1350236463259651,0.24272972345352173,0.033040076581873946,0.4426374137401581,0.19515274465084076
42,0.1,1.0,10,5,0,6804,0.14175295318652473,0.30902525782585144,0.04178530967424231,0.29699796438217163,-0.10350500047206879
42,0.1,1.0,10,5,1,7123,0.1483989249776037,0.2719283103942871,0.036769190774114884,0.4572492837905884,0.10302277654409409
42,0.1,1.0,10,5,2,10660,0.2220879601658368,0.2696622312068939,0.03646277950774215,0.44897687435150146,-0.1034315675497055
42,0.1,1.0,10,5,3,16931,0.3527365153440697,0.25018131732940674,0.03382863877492613,0.4506567418575287,-0.3630674481391907
42,0.1,1.0,10,5,4,6481,0.1350236463259651,0.22966384887695312,0.031054338774178583,0.3997720181941986,0.12893804907798767
42,0.1,1.0,11,5,0,6804,0.14175295318652473,0.29313337802886963,0.03939831909032775,0.2720324695110321,-0.14661385118961334
42,0.1,1.0,11,5,1,7123,0.1483989249776037,0.2556818723678589,0.034364684297976,0.4602946937084198,0.09159372001886368
42,0.1,1.0,11,5,2,10660,0.2220879601658368,0.25802087783813477,0.0346790561531759,0.4442961513996124,-0.1409437656402588
42,0.1,1.0,11,5,3,16931,0.3527365153440697,0.24061165750026703,0.0323391860824343,0.41351547837257385,-0.4298279583454132
42,0.1,1.0,11,5,4,6481,0.1350236463259651,0.21751393377780914,0.029234758004005084,0.3706131875514984,0.08318570256233215
42,0.1,1.0,12,5,0,6804,0.14175295318652473,0.2891239821910858,0.03864439769398962,0.29607391357421875,-0.15501485764980316
42,0.1,1.0,12,5,1,7123,0.1483989249776037,0.2507731020450592,0.03351840761511032,0.43704554438591003,0.03568138927221298
42,0.1,1.0,12,5,2,10660,0.2220879601658368,0.24223551154136658,0.032377270721958805,0.4214875102043152,-0.177842378616333
42,0.1,1.0,12,5,3,16931,0.3527365153440697,0.22367286682128906,0.029896182092165338,0.38065722584724426,-0.45906585454940796
42,0.1,1.0,12,5,4,6481,0.1350236463259651,0.21817195415496826,0.02916092846447869,0.36649325489997864,0.04933223873376846
42,0.1,1.0,13,5,0,6804,0.14175295318652473,0.288752019405365,0.038396258393513176,0.2724415957927704,-0.21144481003284454
42,0.1,1.0,13,5,1,7123,0.1483989249776037,0.2337859719991684,0.03108725129661179,0.3278060257434845,-0.0839022770524025
42,0.1,1.0,13,5,2,10660,0.2220879601658368,0.23948508501052856,0.03184508016391686,0.3907776176929474,-0.24609215557575226
42,0.1,1.0,13,5,3,16931,0.3527365153440697,0.2259911745786667,0.030050752724241587,0.38381701707839966,-0.5132038593292236
42,0.1,1.0,13,5,4,6481,0.1350236463259651,0.20636197924613953,0.027440597278068274,0.404249370098114,0.0839846059679985
42,0.1,1.0,14,5,0,6804,0.14175295318652473,0.2703394591808319,0.03577685248879715,0.2612951695919037,-0.2241605818271637
42,0.1,1.0,14,5,1,7123,0.1483989249776037,0.23048418760299683,0.030502386909625583,0.41662052273750305,-0.016237197443842888
42,0.1,1.0,14,5,2,10660,0.2220879601658368,0.23207305371761322,0.030712658206236615,0.3598010241985321,-0.29703402519226074
42,0.1,1.0,14,5,3,16931,0.3527365153440697,0.2194727063179016,0.029045122243883677,0.36991769075393677,-0.5466210246086121
42,0.1,1.0,14,5,4,6481,0.1350236463259651,0.1952010840177536,0.025833004215211654,0.2975756824016571,-0.036470577120780945
42,0.1,1.0,15,5,0,6804,0.14175295318652473,0.2670290470123291,0.03518158361338328,0.25900033116340637,-0.2573433220386505
42,0.1,1.0,15,5,1,7123,0.1483989249776037,0.2257475107908249,0.029742662887284502,0.3357885479927063,-0.12750712037086487
42,0.1,1.0,15,5,2,10660,0.2220879601658368,0.23437762260437012,0.030879696493771026,0.34947627782821655,-0.35902139544487
42,0.1,1.0,15,5,3,16931,0.3527365153440697,0.21334537863731384,0.028108658443854673,0.34469273686408997,-0.5875652432441711
42,0.1,1.0,15,5,4,6481,0.1350236463259651,0.19297464191913605,0.025424775229143208,0.31244421005249023,-0.0451233871281147
42,0.1,1.0,16,5,0,6804,0.14175295318652473,0.2619834840297699,0.034375631537879,0.2880026698112488,-0.24685046076774597
42,0.1,1.0,16,5,1,7123,0.1483989249776037,0.22001677751541138,0.028869055253734448,0.3550914227962494,-0.11956965178251266
42,0.1,1.0,16,5,2,10660,0.2220879601658368,0.22509044408798218,0.02953478612333739,0.3162330687046051,-0.3883610963821411
42,0.1,1.0,16,5,3,16931,0.3527365153440697,0.21379880607128143,0.028053176741132578,0.32284015417099,-0.6248073577880859
42,0.1,1.0,16,5,4,6481,0.1350236463259651,0.1910964995622635,0.02507433963426628,0.28559380769729614,-0.08731316030025482
42,0.1,1.0,17,5,0,6804,0.14175295318652473,0.24777185916900635,0.032383825190307476,0.1436932533979416,-0.36209481954574585
42,0.1,1.0,17,5,1,7123,0.1483989249776037,0.2124718725681305,0.027770110787320283,0.4107229709625244,-0.06935302913188934
42,0.1,1.0,17,5,2,10660,0.2220879601658368,0.2214588224887848,0.028944706708748155,0.377211332321167,-0.3643426299095154
42,0.1,1.0,17,5,3,16931,0.3527365153440697,0.20120909810066223,0.02629806420085315,0.32936546206474304,-0.6157330274581909
42,0.1,1.0,17,5,4,6481,0.1350236463259651,0.18263472616672516,0.023870390550803654,0.2667856812477112,-0.10730239748954773
42,0.1,1.0,18,5,0,6804,0.14175295318652473,0.24554643034934998,0.03197452680855303,0.2104949802160263,-0.3371700942516327
42,0.1,1.0,18,5,1,7123,0.1483989249776037,0.21835912764072418,0.028434254860504722,0.36562272906303406,-0.1655990332365036
42,0.1,1.0,18,5,2,10660,0.2220879601658368,0.21324530243873596,0.027768343567139184,0.331786185503006,-0.4155600965023041
42,0.1,1.0,18,5,3,16931,0.3527365153440697,0.19751539826393127,0.025720029356186558,0.27716055512428284,-0.6603891253471375
42,0.1,1.0,18,5,4,6481,0.1350236463259651,0.1871994584798813,0.024376709916717466,0.31214043498039246,-0.09946799278259277
42,0.1,1.0,19,5,0,6804,0.14175295318652473,0.2422894686460495,0.03144043581620732,0.18192419409751892,-0.37932488322257996
42,0.1,1.0,19,5,1,7123,0.1483989249776037,0.20147031545639038,0.026143581713950665,0.2809533178806305,-0.231459841132164
42,0.1,1.0,19,5,2,10660,0.2220879601658368,0.21820273995399475,0.028314847024846143,0.3362827003002167,-0.46097204089164734
42,0.1,1.0,19,5,3,16931,0.3527365153440697,0.19850030541419983,0.025758181512172205,0.2920929789543152,-0.6855615973472595
42,0.1,1.0,19,5,4,6481,0.1350236463259651,0.1883477419614792,0.0244407448881663,0.28739073872566223,-0.1505034863948822
42,0.1,1.0,20,5,0,6804,0.14175295318652473,0.23799993097782135,0.030781589761619134,0.26628467440605164,-0.3237932622432709
42,0.1,1.0,20,5,1,7123,0.1483989249776037,0.2011740356683731,0.026018732909675744,0.27496692538261414,-0.2540781497955322
42,0.1,1.0,20,5,2,10660,0.2220879601658368,0.20488214492797852,0.026498319174896433,0.18490715324878693,-0.5330400466918945
42,0.1,1.0,20,5,3,16931,0.3527365153440697,0.19557209312915802,0.02529420876211895,0.37222790718078613,-0.6739898324012756
42,0.1,1.0,20,5,4,6481,0.1350236463259651,0.1678837090730667,0.021713146886701087,0.23409503698349,-0.16876964271068573
