method,seed,alpha,round,local_epochs,num_participating_clients,total_client_size,total_local_steps,aggregate_update_magnitude,server_control_magnitude,total_communication_bytes,runtime_seconds
scaffold,42,0.1,1,5,5,47999,3765,1.3367552757263184,0.1617694497108459,8141600,50.680006367999965
scaffold,42,0.1,2,5,5,47999,3765,1.0600322484970093,0.1236306503415107,8141600,49.95388935700004
scaffold,42,0.1,3,5,5,47999,3765,0.6699450016021729,0.0710588321089744,8141600,50.19609410199996
scaffold,42,0.1,4,5,5,47999,3765,0.4259969294071197,0.0462478399276733,8141600,49.96061284899997
scaffold,42,0.1,5,5,5,47999,3765,0.3382874131202698,0.0390039645135402,8141600,50.29950021900004
scaffold,42,0.1,6,5,5,47999,3765,0.3088448047637939,0.0356329753994941,8141600,51.066546309000046
scaffold,42,0.1,7,5,5,47999,3765,0.2900981605052948,0.0330415032804012,8141600,50.65192561399999
scaffold,42,0.1,8,5,5,47999,3765,0.2784839868545532,0.0316217765212059,8141600,50.67946206900001
scaffold,42,0.1,9,5,5,47999,3765,0.268899917602539,0.0304619781672954,8141600,50.62061320800001
scaffold,42,0.1,10,5,5,47999,3765,0.260162204504013,0.0293447878211736,8141600,50.90673911900001
scaffold,42,0.1,11,5,5,47999,3765,0.2496352940797805,0.0282015744596719,8141600,50.45984892999991
scaffold,42,0.1,12,5,5,47999,3765,0.2407501339912414,0.027366442605853,8141600,50.00766309699998
scaffold,42,0.1,13,5,5,47999,3765,0.2320405840873718,0.0261872727423906,8141600,50.118518248999976
scaffold,42,0.1,14,5,5,47999,3765,0.221219390630722,0.0251094158738851,8141600,50.29293238299999
scaffold,42,0.1,15,5,5,47999,3765,0.213883027434349,0.024305434897542,8141600,50.022793621000005
scaffold,42,0.1,16,5,5,47999,3765,0.2085780948400497,0.0236901082098484,8141600,49.78907671699994
scaffold,42,0.1,17,5,5,47999,3765,0.2029389441013336,0.022762918844819,8141600,50.40069738699981
scaffold,42,0.1,18,5,5,47999,3765,0.193966269493103,0.0219682268798351,8141600,50.15384979700002
scaffold,42,0.1,19,5,5,47999,3765,0.1873095333576202,0.0212277844548225,8141600,50.41255048399989
scaffold,42,0.1,20,5,5,47999,3765,0.1843493282794952,0.0208480283617973,8141600,50.54265049800006
scaffold,43,0.1,1,5,5,47999,3760,1.4836121797561646,0.174630656838417,8141600,50.84406755600003
scaffold,43,0.1,2,5,5,47999,3760,1.0267308950424194,0.1202362626791,8141600,50.599221686999954
scaffold,43,0.1,3,5,5,47999,3760,0.6274374723434448,0.0669837966561317,8141600,50.53555915399989
scaffold,43,0.1,4,5,5,47999,3760,0.4324943125247955,0.0474456883966922,8141600,50.32470967400013
scaffold,43,0.1,5,5,5,47999,3760,0.369855672121048,0.0422936379909515,8141600,50.07492200299998
scaffold,43,0.1,6,5,5,47999,3760,0.3410981297492981,0.0383157841861248,8141600,51.15763034599991
scaffold,43,0.1,7,5,5,47999,3760,0.3170947730541229,0.0352170504629612,8141600,54.16811079600007
scaffold,43,0.1,8,5,5,47999,3760,0.2959668636322021,0.0328651070594787,8141600,51.57811035899999
scaffold,43,0.1,9,5,5,47999,3760,0.2786857783794403,0.0308290421962738,8141600,51.44966984499979
scaffold,43,0.1,10,5,5,47999,3760,0.2651664614677429,0.0294297952204942,8141600,51.49879325899997
scaffold,43,0.1,11,5,5,47999,3760,0.2514103651046753,0.0277277901768684,8141600,51.94827014400016
scaffold,43,0.1,12,5,5,47999,3760,0.2391466647386551,0.0263951197266578,8141600,52.19113676500001
scaffold,43,0.1,13,5,5,47999,3760,0.2272886484861374,0.0250171516090631,8141600,51.733169609000015
scaffold,43,0.1,14,5,5,47999,3760,0.2159275412559509,0.0239345822483301,8141600,52.04955152499974
scaffold,43,0.1,15,5,5,47999,3760,0.2061579525470733,0.0229853838682174,8141600,51.18657055999984
scaffold,43,0.1,16,5,5,47999,3760,0.1982762962579727,0.0220309738069772,8141600,51.27227699200012
scaffold,43,0.1,17,5,5,47999,3760,0.192275732755661,0.0215033907443285,8141600,51.11398340799997
scaffold,43,0.1,18,5,5,47999,3760,0.1852633208036422,0.0204584337770938,8141600,51.64158520299998
scaffold,43,0.1,19,5,5,47999,3760,0.1775036603212356,0.0197732895612716,8141600,51.873843045000285
scaffold,43,0.1,20,5,5,47999,3760,0.171802282333374,0.0191391836851835,8141600,52.16415904200039
scaffold,44,0.1,1,5,5,47998,3760,1.6467583179473877,0.1287847906351089,8141600,51.92656113000021
scaffold,44,0.1,2,5,5,47998,3760,1.1344143152236938,0.09882602840662,8141600,51.59304379199966
scaffold,44,0.1,3,5,5,47998,3760,0.7434965372085571,0.0576117262244224,8141600,52.06639389300017
scaffold,44,0.1,4,5,5,47998,3760,0.5487716794013977,0.0422646589577198,8141600,51.4672693829998
scaffold,44,0.1,5,5,5,47998,3760,0.4708380699157715,0.036511305719614,8141600,51.46868792699979
scaffold,44,0.1,6,5,5,47998,3760,0.4290147125720978,0.0332001484930515,8141600,52.221490872999766
scaffold,44,0.1,7,5,5,47998,3760,0.3964065313339233,0.030493713915348,8141600,51.935285211000064
scaffold,44,0.1,8,5,5,47998,3760,0.3630811870098114,0.0278272088617086,8141600,51.325517237999975
scaffold,44,0.1,9,5,5,47998,3760,0.3369384706020355,0.0260117519646883,8141600,51.05822491500021
scaffold,44,0.1,10,5,5,47998,3760,0.3213171362876892,0.0245714280754327,8141600,51.40239432199997
scaffold,44,0.1,11,5,5,47998,3760,0.3062400817871094,0.0242801886051893,8141600,51.90600920299994
scaffold,44,0.1,12,5,5,47998,3760,0.2885748744010925,0.0219982601702213,8141600,52.08923313100013
scaffold,44,0.1,13,5,5,47998,3760,0.2717520594596863,0.0207110736519098,8141600,51.55113429499988
scaffold,44,0.1,14,5,5,47998,3760,0.2596795856952667,0.0198945365846157,8141600,51.565544677999696
scaffold,44,0.1,15,5,5,47998,3760,0.2481537461280822,0.0190465357154607,8141600,51.04645653800026
scaffold,44,0.1,16,5,5,47998,3760,0.2409502118825912,0.0184304825961589,8141600,50.62446450400012
scaffold,44,0.1,17,5,5,47998,3760,0.2348617315292358,0.0176829081028699,8141600,50.624385276999874
scaffold,44,0.1,18,5,5,47998,3760,0.2266608327627182,0.0173437446355819,8141600,51.15183333699997
scaffold,44,0.1,19,5,5,47998,3760,0.218210369348526,0.016501585021615,8141600,51.09887634500001
scaffold,44,0.1,20,5,5,47998,3760,0.2040816694498062,0.015900757163763,8141600,50.91674880200026
