seed,method,final_weighted_test_accuracy,final_worst_client_accuracy,final_mean_client_accuracy,std_client_accuracy,normalized_validation_auc,median_relative_update_magnitude,mean_loo_alignment,mean_pairwise_similarity,runtime_seconds
42,fedavg,0.9130434782608695,0.8578143360752056,0.9011005569381023,0.03404304444476869,0.8231660553517841,0.0675525456896565,-0.196087131164968,-0.025753525579348208,1088.990116964
42,fedprox,0.915375645510578,0.8672150411280846,0.9059880680332485,0.02836442772018838,0.8321023674558186,0.05785919979376125,-0.1717059985123342,-0.02117316458839923,1069.493813836
42,scaffold,0.9518574046310179,0.918918918918919,0.9469927370828376,0.016330120420841303,0.8755418472824275,0.0327192866881201,0.5948990947008133,0.49070916827768085,1007.2159703769996
43,fedavg,0.9312125249833444,0.8793456032719836,0.9226987845926828,0.0314703319315522,0.86935967983992,0.0643908187970886,-0.14315771896159274,-0.025919225222896785,1079.2058395550002
43,fedprox,0.9282145236508994,0.8752556237218814,0.9207004899553415,0.031604139298317714,0.8690887110221779,0.055672690113076045,-0.10827359676361084,-0.01563616916304454,1074.2694884760003
43,scaffold,0.9498667554963358,0.911042944785276,0.9439714828962875,0.02394881894533557,0.8944430548607638,0.031370030346297054,0.6167048847675324,0.4888774060457945,1029.4053409720002
44,fedavg,0.9080766028309741,0.75,0.8564413381545395,0.06789983950046237,0.819051192262798,0.057120565873405846,-0.18670901826873887,0.05633673258824275,1083.6630364800003
44,fedprox,0.9004163197335554,0.8035714285714286,0.8637153721004202,0.046985991122118216,0.8115474403868601,0.049869632924974996,-0.1666568818030646,0.046160358753986656,1076.6174875939996
44,scaffold,0.9443796835970025,0.8977272727272727,0.9326095890097014,0.026977917870369312,0.8853718525929631,0.027640091139168252,0.358109311228618,0.25016405794944147,1029.0395547939997
