method,seed,alpha,round,weighted_accuracy,mean_client_accuracy,worst_client_accuracy,std_client_accuracy
scaffold,42,0.1,0,0.11587195731910636,0.143668175694026,0.03303303303303303,0.11812090538232053
scaffold,42,0.1,1,0.565355118372791,0.5284079113303441,0.4189189189189189,0.1222076555291137
scaffold,42,0.1,2,0.8182727575858619,0.8168693503761928,0.8067415730337079,0.010004950218270883
scaffold,42,0.1,3,0.8709569856618873,0.8712511125386749,0.8611764705882353,0.00822815285294313
scaffold,42,0.1,4,0.8864621540513504,0.8826583271465488,0.8658823529411764,0.012547770296061966
scaffold,42,0.1,5,0.8967989329776592,0.893316962415329,0.8705882352941177,0.014108448565081184
scaffold,42,0.1,6,0.9044681560520174,0.9009092327953164,0.8741176470588236,0.01507576425888347
scaffold,42,0.1,7,0.9066355451817273,0.9031841263256475,0.8858823529411765,0.01084310243781396
scaffold,42,0.1,8,0.9119706568856285,0.9085780913348855,0.8858823529411765,0.013097213774872971
scaffold,42,0.1,9,0.913137712570857,0.9092499158311853,0.888235294117647,0.012588484018507536
scaffold,42,0.1,10,0.9191397132377459,0.9149494038063357,0.8976470588235295,0.011575152262398228
scaffold,42,0.1,11,0.9203067689229744,0.9153165706988575,0.9023529411764706,0.012771755043695784
scaffold,42,0.1,12,0.9259753251083694,0.9232580693762145,0.9011764705882352,0.011558302362165367
scaffold,42,0.1,13,0.9279759919973325,0.9239197519768743,0.9067415730337078,0.012217903921350557
scaffold,42,0.1,14,0.9298099366455486,0.9258719019644642,0.9117647058823529,0.011226353424764164
scaffold,42,0.1,15,0.9333111037012337,0.9282591603298205,0.908235294117647,0.013791430590646074
scaffold,42,0.1,16,0.9353117705901968,0.9316046723983991,0.9223529411764706,0.009340439661131128
scaffold,42,0.1,17,0.9373124374791597,0.932070642657262,0.9058823529411765,0.0158830259158896
scaffold,42,0.1,18,0.9384794931643882,0.9343662358989869,0.9023529411764706,0.016700598568042506
scaffold,42,0.1,19,0.9393131043681227,0.9345350449271452,0.9094117647058824,0.014908368961795372
scaffold,42,0.1,20,0.9438146048682894,0.939097774202936,0.9223529411764706,0.013292011747384327
